Card Name,HP,Energy Type,Weakness,Resistance,Retreat Cost,Ability Name,Ability Description,Attack 1 Name,Attack 1 Cost,Attack 1 Damage,Attack 1 Description,Attack 2 Name,Attack 2 Cost,Attack 2 Damage,Attack 2 Description,Rarity,Pack
Genesect,110,Metal,Fire +20,,2,,This ancient bug Pokémon was altered by Team Plasma. They upgraded the cannon on its back.,Metal Blast,"Colorless,Colorless,Colorless",10,This attack does 20 more damage for each {M} Energy attached to this Pokémon.,,,,,Three Diamond,Crimson Blaze
Smeargle,70,Colorless,Fighting +20,,1,,The fluid of Smeargle's tail secretions changes in the intensity of its hue as the Pokémon's emotions change.,Splatter Coating,"Colorless,Colorless",50,Change the type of a random Energy attached to your opponent's Active Pokémon to 1 of the following,,,,,Two Diamond,Lugia
Horsea,60,Water,Lightning +20,,1,,"Horsea makes its home in oceans with gentle currents. If this Pokémon is under attack, it spits out pitch-black ink and escapes.",Water Gun,Water,20,,,,,,One Diamond,Pikachu
Seadra,70,Water,Lightning +20,,1,,"It's the males that raise the offspring. While Seadra are raising young, the spines on their backs secrete thicker and stronger poison.",Water Arrow,"Water,Water,Colorless",,This attack does 50 damage to 1 of your opponent's Pokémon.,,,,,Two Diamond,Pikachu
Machoke,100,Fighting,Psychic +20,,2,,"Its muscular body is so powerful, it must wear a power-save belt to be able to regulate its motions.",Strength,"Fighting,Fighting",50,,,,,,Two Diamond,Charizard
Meditite,60,Fighting,Psychic +20,,1,,It never skips its daily yoga training. It heightens its inner strength through meditation.,Kick,Fighting,20,,,,,,One Diamond,Arceus
Gligar,60,Fighting,Grass +20,,1,,"It usually clings to cliffs. When it spots its prey, it spreads its wings and glides down to attack.",Pierce,Fighting,20,,,,,,One Diamond,Dialga
Kingdra ex,170,Water,Lightning +20,,1,,,Stormy Prison,"Water,Water",90,"During your opponent's next turn, the Defending Pokémon can't retreat.",,,,,Four Diamond,Lugia
Charmander,60,Fire,Water +20,,1,,"It has a preference for hot things. When it rains, steam is said to spout from the tip of its tail.",Ember,Fire,30,Discard a {R} Energy from this Pokémon.,,,,,One Diamond,Charizard
Makuhita,70,Fighting,Psychic +20,,2,,It grows stronger by enduring harsh training. It is a gutsy Pokémon that can withstand any attack.,Slap Push,Fighting,20,,,,,,One Diamond,Solgaleo
Swoobat,90,Psychic,Darkness +20,,1,,"Emitting powerful sound waves tires it out. Afterward, it won't be able to fly for a little while.",Heart Stamp,"Psychic,Colorless",60,,,,,,One Diamond,Charizard
Donphan,120,Fighting,Grass +20,,3,,"Donphan is covered in tough hide, so even being hit by a car won't faze this Pokémon. However, it is extremely susceptible to rain.",Rolling Spin,"Fighting,Fighting,Fighting",60,"During your next turn, this Pokémon's Rolling Spin attack does +60 damage.",,,,,Two Diamond,Arceus
Lugia,120,Colorless,Lightning +20,,2,,It is said to be the guardian of the seas. It is rumored to have been seen on the night of a storm.,Aeroblast,"Colorless,Colorless,Colorless,Colorless",80,Flip 2 coins. This attack does 40 more damage for each heads.,,,,,Three Diamond,Gardevoir
Sabrina,,,,,,,,,,,,,,,,Two Diamond,Charizard
Cover Fossil,,,,,,,,,,,,,,,,One Diamond,Mega Gyarados
Tauros,100,Colorless,Fighting +20,,2,,"When Tauros begins whipping itself with its tails, it's a warning that the Pokémon is about to charge with astounding speed.",Horn Attack,"Colorless,Colorless",50,,,,,,Two Diamond,Charizard
Articuno,100,Water,Lightning +20,,1,,"It's said that this Pokémon's beautiful blue wings are made of ice. Articuno flies over snowy mountains, its long tail fluttering along behind it.",Ice Beam,"Water,Water,Colorless",60,"Flip a coin. If heads, your opponent's Active Pokémon is now Paralyzed.",,,,,Three Diamond,Mewtwo
Gladion,,,,,,,,,,,,,,,,Two Diamond,Extradimensional
Snubbull,60,Psychic,Metal +20,,1,,It grows close to others easily and is also easily spoiled. The disparity between its face and its actions makes many young people wild about it.,Ram,Psychic,20,,,,,,One Diamond,Lugia
Darmanitan,120,Fire,Water +20,,2,,The thick arms of this hot-blooded Pokémon can deliver punches capable of obliterating a dump truck.,Heat Blast,"Fire,Colorless,Colorless",70,,,,,,Two Diamond,Lugia
Ariados,80,Darkness,Fighting +20,,1,,"Every night, it wanders around in search of prey, whose movements it restrains by spewing threads before it bites into them with its fangs.",Bind Down,Darkness,40,"During your opponent's next turn, the Defending Pokémon can't retreat.",,,,,Two Diamond,Ho-Oh
Sunkern,40,Grass,Fire +20,,1,,"It suddenly falls out of the sky in the morning. Knowing it's weak, it simply feeds until it evolves.",Blot,Grass,20,Heal 10 damage from this Pokémon.,,,,,One Diamond,Lugia
Burmy,60,Grass,Fire +20,,1,,"To shelter itself from cold, wintry winds, it covers itself with a cloak made of twigs and leaves.",Tackle,Colorless,10,,,,,,One Diamond,Dialga
Wurmple,50,Grass,Fire +20,,1,,It lives among the tall grass and in forests. It repels attacks by raising up the spikes on its rear.,Ram,Grass,20,,,,,,One Diamond,Mega Blaziken
Plusle,70,Lightning,Fighting +20,,1,,This Pokémon absorbs electricity from telephone poles. It shorts out the electricity stored inside its body to create noises.,Electric Tail,Lightning,10,"Flip a coin. If heads, your opponent's Active Pokémon is now Paralyzed.",,,,,One Diamond,Gardevoir
Xerneas,120,Psychic,Metal +20,,2,,"When the horns on its head shine in seven colors, it is said to be sharing everlasting life.",Geoburst,"Psychic,Psychic,Colorless",120,This attack's damage is reduced by the amount of damage this Pokémon has on it.,,,,,Three Diamond,Crimson Blaze
Seismitoad,150,Water,Lightning +20,,3,,"This Pokémon is popular among the elderly, who say the vibrations of its lumps are great for massages.",Split Spiral Punch,"Water,Water,Colorless",90,Your opponent's Active Pokémon is now Confused.,,,,,Two Diamond,Mega Altaria
Ditto,70,Colorless,Fighting +20,,1,,"Its transformation ability is perfect. However, if made to laugh, it can't maintain its disguise.",Copy Anything,Colorless,,Choose 1 of your opponent’s Pokémon’s attacks and use it as this attack. If this Pokémon doesn’t hav,,,,,Three Diamond,Mewtwo
Porygon,50,Colorless,Fighting +20,,1,,State-of-the-art technology was used to create Porygon. It was the first artificial Pokémon to be created via computer programming.,Sharpen,Colorless,20,,,,,,Two Diamond,Mewtwo
Bidoof,60,Colorless,Fighting +20,,2,,"With nerves of steel, nothing can perturb it. It is more agile and active than it appears.",Super Fang,"Colorless,Colorless",,"Halve your opponent's Active Pokémon's remaining HP, rounded down.",,,,,One Diamond,Dialga
Stantler,80,Colorless,Fighting +20,,1,,"This Pokémon apparently used to live in much harsher environments, and thus it once had stronger psychic powers than it does now.",Enhanced Horns,"Colorless,Colorless",20,"If this Pokémon has a Pokémon Tool attached, this attack does 50 more damage.",,,,,Two Diamond,Ho-Oh
Medicham,100,Fighting,Psychic +20,,1,,"Through yoga training, it gained the psychic power to predict its foe's next move.",Kick Shot,Fighting,80,"Flip a coin. If tails, this attack does nothing.",,,,,Two Diamond,Arceus
Golem,160,Fighting,Grass +20,,4,,"When Golem grow old, they stop shedding their shells. Those that have lived a long, long time have shells green with moss.",Double-Edge,"Fighting,Colorless,Colorless,Colorless",150,This Pokémon also does 50 damage to itself.,,,,,Three Diamond,Pikachu
Kirlia,80,Psychic,Darkness +20,,1,,It has a psychic power that enables it to distort the space around it and see into the future.,Smack,"Psychic,Colorless",30,,,,,,Two Diamond,Mewtwo
Ponyta,60,Fire,Water +20,,1,,"It can't run properly when it's newly born. As it races around with others of its kind, its legs grow stronger.",Flare,Fire,20,,,,,,One Diamond,Charizard
Leafeon,90,Grass,Fire +20,,1,,"When you see Leafeon asleep in a patch of sunshine, you'll know it is using photosynthesis to produce clean air.",Leafy Cyclone,"Grass,Colorless",90,"During your next turn, this Pokémon can't attack.",,,,,Three Diamond,Dialga
Magearna,90,Metal,Fire +20,,1,,It synchronizes its consciousness with others to understand their feelings. This faculty makes it useful for taking care of people.,Silver Cannon,"Metal,Metal",40+,"If your opponent's Active Pokémon has an Ability, this attack does 40 more damage.",,,,,Three Diamond,Solgaleo
Spiritomb,80,Darkness,Grass +20,,1,,Its constant mischief and misdeeds resulted in it being bound to an Odd Keystone by a mysterious spell.,Swirling Disaster,Colorless,,This attack does 10 damage to each of your opponent's Pokémon.,,,,,Two Diamond,Palkia
Darkrai,110,Darkness,Grass +20,,2,,"It chases people and Pokémon from its territory by causing them to experience deep, nightmarish slumbers.",Dark Void,"Darkness,Darkness,Colorless",60,Your opponent's Active Pokémon is now Asleep.,,,,,Three Diamond,Dialga
Ampharos,150,Lightning,Fighting +20,,2,,The bright light on its tail can be seen far away. It has been treasured since ancient times as a beacon.,Thunder Punch,"Lightning,Lightning",80,"Flip a coin. If heads, this attack does 40 more damage. If tails, this Pokémon also does 20 damage t",,,,,Three Diamond,Lugia
Blissey,150,Colorless,Fighting +20,,4,,Anyone who takes even one taste of Blissey's egg becomes unfailingly caring and pleasant to everyone.,Energy Blow,"Colorless,Colorless,Colorless",20,This attack does 20 more damage for each Energy attached to this Pokémon.,,,,,Three Diamond,Ho-Oh
Rattata,40,Colorless,Fighting +20,,1,,"Its incisors grow continuously throughout its life. If its incisors get too long, this Pokémon becomes unable to eat, and it starves to death.",Gnaw,Colorless,20,,,,,,One Diamond,Charizard
Clefairy,60,Psychic,Metal +20,,1,,It is said that happiness will come to those who see a gathering of Clefairy dancing under a full moon.,Slap,Psychic,20,,,,,,One Diamond,Pikachu
Sandile,70,Darkness,Grass +20,,2,,It submerges itself in sand and moves as if swimming. This wise behavior keeps its enemies from finding it and maintains its temperature.,Bite,Darkness,20,,,,,,One Diamond,Extradimensional
Pincurchin,70,Lightning,Fighting +20,,1,,This Pokémon generates electricity when it digests food. It uses its five hard teeth to scrape seaweed off surfaces and eat it.,Thunder Shock,"Lightning,Lightning",40,"Flip a coin. If heads, your opponent's Active Pokémon is now Paralyzed.",,,,,Two Diamond,Charizard
Morgrem,90,Darkness,Grass +20,,2,,This Pokémon absorbs negative emotions and turns them into energy. It's popular with people who tend to think gloomy thoughts.,False Surrender,"Darkness,Darkness",50,This attack's damage isn't affected by any effects on your opponent's Active Pokémon.,,,,,Two Diamond,Mega Altaria
Golbat,70,Darkness,Fighting +20,,1,,"It loves to drink other creatures' blood. It's said that if it finds others of its kind going hungry, it sometimes shares the blood it's gathered.",Wing Attack,Colorless,40,,,,,,Two Diamond,Mewtwo
Gogoat,120,Grass,Fire +20,,2,,"It can sense the feelings of others by touching them with its horns. This species has assisted people with their work since 5,000 years ago.",Razor Leaf,"Grass,Colorless,Colorless",70,,,,,,One Diamond,Charizard
Moltres,100,Fire,Lightning +20,,1,,"It's one of the legendary bird Pokémon. When Moltres flaps its flaming wings, they glimmer with a dazzling red glow.",Sky Attack,"Fire,Colorless,Colorless",130,"Flip a coin. If tails, this attack does nothing.",,,,,Three Diamond,Charizard
Absol,80,Darkness,Grass +20,,1,,"Swift as the wind, Absol races through fields and mountains. Its curved, bow-like horn is acutely sensitive to the warning signs of natural disasters.",Unseen Claw,"Darkness,Colorless",20+,"If your opponent's Active Pokémon is affected by a Special Condition, this attack does 60 more damag",,,,,Three Diamond,Lunala
Spinda,70,Colorless,Fighting +20,,1,,"Each Spinda's spot pattern is different. With its stumbling movements, it evades opponents' attacks brilliantly!",Dizzying Headbutt,Colorless,30,Both Active Pokémon are now Confused.,,,,,One Diamond,Mega Altaria
Roselia,70,Grass,Fire +20,,1,,"Its flowers give off a relaxing fragrance. The stronger its aroma, the healthier the Roselia is.",Sting,Grass,20,,,,,,One Diamond,Dialga
Omastar,140,Water,Lightning +20,,2,,"Weighed down by a large and heavy shell, Omastar couldn't move very fast. Some say it went extinct because it was unable to catch food.",Ancient Whirlpool,"Water,Colorless,Colorless",70,"During your opponent's next turn, the Defending Pokémon can't attack.",,,,,Three Diamond,Pikachu
Grotle,100,Grass,Fire +20,,3,,"It lives along water in forests. In the daytime, it leaves the forest to sunbathe its treed shell.",Razor Leaf,"Grass,Grass,Colorless",60,,,,,,Two Diamond,Palkia
Skarmory,80,Metal,Lightning +20,,1,,"People fashion swords from Skarmory's shed feathers, so this Pokémon is a popular element in heraldic designs.",Metal Arms,Metal,20+,"If this Pokémon has a Pokémon Tool attached, this attack does 30 more damage.",,,,,Two Diamond,Dialga
Eevee,60,Colorless,Fighting +20,,1,,Its ability to evolve into many forms allows it to adapt smoothly and perfectly to any environment.,Tackle,Colorless,20,,,,,,One Diamond,Charizard
Naganadel,100,Darkness,Fighting +20,,2,,It stores hundreds of liters of poisonous liquid inside its body. It is one of the organisms known as UBs.,Electro House,Darkness,40,Your opponent's Active Pokémon is now Poisoned.,,,,,Three Diamond,Extradimensional
Terrakion,120,Fighting,Grass +20,,3,,It has phenomenal power. It will mercilessly crush anyone or anything that bullies small Pokémon.,Sacred Sword,"Fighting,Fighting,Colorless",110,"During your next turn, this Pokémon can't use Sacred Sword.",,,,,Three Diamond,Mega Gyarados
Poliwrath,150,Water,Lightning +20,,2,,"Its body is solid muscle. When swimming through cold seas, Poliwrath uses its impressive arms to smash through drift ice and plow forward.",Mega Punch,"Water,Colorless,Colorless",80,,,,,,Three Diamond,Charizard
Murkrow,60,Darkness,Lightning +20,,1,,"Feared and loathed by many, it is believed to bring misfortune to all those who see it at night.",Peck,Darkness,20,,,,,,One Diamond,Dialga
Dratini,70,Dragon,,,1,,"It sheds many layers of skin as it grows larger. During this process, it is protected by a rapid waterfall.",Ram,"Water,Lightning",40,,,,,,One Diamond,Mewtwo
Sail Fossil,,,,,,,,,,,,,,,,One Diamond,Gardevoir
Mudsdale,140,Fighting,Grass +20,,4,,This Pokémon has been treasured not just for its physical labor but also because it produces high-quality mud used for making pottery.,High Horsepower,"Fighting,Fighting,Fighting,Colorless",140,This Pokémon also does 40 damage to itself.,,,,,Two Diamond,Solgaleo
Croagunk,60,Darkness,Fighting +20,,1,,"Inflating its poison sacs, it fills the area with an odd sound and hits flinching opponents with a poison jab.",Group Beatdown,"Darkness,Darkness",20×,Flip a coin for each Pokémon you have in play. This attack does 20 damage for each heads.,,,,,One Diamond,Dialga
Staravia,80,Colorless,Lightning +20,,1,,"Recognizing their own weakness, they always live in a group. When alone, a Staravia cries noisily.",Wing Attack,"Colorless,Colorless",40,,,,,,One Diamond,Palkia
Charjabug,90,Lightning,Fighting +20,,2,,"While its durable shell protects it from attacks, Charjabug strikes at enemies with jolts of electricity discharged from the tips of its jaws.",Vise Grip,Lightning,30,,,,,,Two Diamond,Lunala
Phanpy,60,Fighting,Grass +20,,2,,"This Pokémon lives and nests on a riverbank. After playing in the mud, it won't be able to settle down unless it washes its body.",Rollout,Fighting,20,,,,,,One Diamond,Arceus
Arceus,120,Colorless,Fighting +20,,2,,"According to the legends of Sinnoh, this Pokémon emerged from an egg and shaped all there is in this world.",Power Blast,"Colorless,Colorless,Colorless,Colorless",100,Discard a random Energy from this Pokémon.,,,,,Three Diamond,Arceus
Scatterbug,50,Grass,Fire +20,,1,,This Pokémon scatters poisonous powder to repel enemies. It will eat different plants depending on where it lives.,Bug Bite,Colorless,10,,,,,,One Diamond,Gardevoir
Scizor,100,Metal,Fire +20,,1,,"This Pokémon's pincers, which contain steel, can crush any hard object they get ahold of into bits.",Gale Thrust,"Metal,Metal",50,"If this Pokémon moved from your Bench to the Active Spot this turn, this attack does 50 more damage.",,,,,Three Diamond,Lugia
Pinsir,90,Grass,Fire +20,,2,,"These Pokémon judge one another based on pincers. Thicker, more impressive pincers make for more popularity with the opposite gender.",Double Horn,"Grass,Grass",50×,Flip 2 coins. This attack does 50 damage for each heads.,,,,,Two Diamond,Charizard
Ledyba,60,Grass,Fire +20,,1,,These very cowardly Pokémon join together and use Reflect to protect their nest.,Bug Bite,Grass,20,,,,,,One Diamond,Lugia
Yanma,50,Grass,Lightning +20,,1,,Its eyes can see 360 degrees without moving its head. It won't miss prey—even those behind it.,Flap,Colorless,20,,,,,,One Diamond,Dialga
Yanmega,90,Grass,Lightning +20,,1,,It prefers to battle by biting apart foes' heads instantly while flying by at high speed.,Bug Buzz,"Colorless,Colorless",60,,,,,,Two Diamond,Lugia
Buizel,60,Water,Lightning +20,,1,,It spins its two tails like a screw to propel itself through water. The tails also slice clinging seaweed.,Water Gun,Water,20,,,,,,One Diamond,Dialga
Magby,30,Fire,Colorless +20,,0,,"This Pokémon is still small and timid. Whenever Magby gets excited or surprised, flames leak from its mouth and its nose.",Toasty Toss,,,Take a {R} Energy from your Energy Zone and attach it to 1 of your Benched Basic Pokémon.,,,,,Three Diamond,Ho-Oh
Furfrou,80,Colorless,Fighting +20,,1,,"Left alone, its fur will grow longer and longer, but it will only allow someone it trusts to cut it.",Sharp Fang,"Colorless,Colorless",50,,,,,,Two Diamond,Mega Blaziken
Corsola,80,Water,Lightning +20,,1,,It will regrow any branches that break off its head. People keep particularly beautiful Corsola branches as charms to promote safe childbirth.,Find a Friend,Colorless,,Put a random Pokémon from your deck into your hand.,,,,,One Diamond,Lugia
Remoraid,60,Water,Lightning +20,,1,,The water they shoot from their mouths can hit moving prey from more than 300 feet away.,Water Gun,Water,20,,,,,,One Diamond,Lugia
Pichu,30,Lightning,Colorless +20,,0,,It is unskilled at storing electric power. Any kind of shock causes it to discharge energy spontaneously.,Crackly Toss,,,Take a {L} Energy from your Energy Zone and attach it to 1 of your Benched Basic Pokémon.,,,,,Three Diamond,Lugia
Snom,50,Water,Metal +20,,1,,"It eats snow that has accumulated on the ground. It prefers soft, freshly fallen snow, so it will eat its way up a mountain, aiming for the peak.",Ram,Colorless,10,,,,,,One Diamond,Charizard
Dhelmise,100,Grass,Fire +20,,2,,"After a piece of seaweed merged with debris from a sunken ship, it was reborn as this ghost Pokémon.",Energy Whip,Grass,20+,"If this Pokémon has at least 3 extra {G} Energy attached, this attack does 70 more damage.",,,,,Two Diamond,Mew
Crobat,110,Darkness,Fighting +20,,0,,"Both of its legs have turned into wings. Without a sound, Crobat flies swiftly toward its prey and sinks its fangs into the nape of its target's neck.",Darkness Fang,Darkness,50,,,,,,Three Diamond,Arceus
Girafarig,80,Psychic,Darkness +20,,1,,Girafarig's tail has a small head. It instinctively bites at any foe that approaches the Pokémon from behind.,Psybeam,"Psychic,Colorless,Colorless",50,Your opponent's Active Pokémon is now Confused.,,,,,One Diamond,Ho-Oh
Espeon,100,Psychic,Darkness +20,,1,,The tip of its forked tail quivers when it is predicting its opponent's next move.,Energy Crush,Psychic,20,This attack does 20 damage for each Energy attached to all of your opponent's Pokémon.,,,,,Three Diamond,Eevee
Paras,70,Grass,Fire +20,,1,,"The mushrooms, known as tochukaso, are controlling the bug. Even if the bug bugs the mushrooms, they tell it to bug off.",Scratch,"Grass,Colorless",30,,,,,,One Diamond,Pikachu
Hitmonlee,80,Fighting,Psychic +20,,1,,This amazing Pokémon has an awesome sense of balance. It can kick in succession from any position.,Stretch Kick,Fighting,,This attack does 30 damage to 1 of your opponent's Benched Pokémon.,,,,,One Diamond,Mewtwo
Lapras,100,Water,Lightning +20,,2,,"A smart and kindhearted Pokémon, it glides across the surface of the sea while its beautiful song echoes around it.",Hydro Pump,Water,20+,"If this Pokémon has at least 3 extra {W} Energy attached, this attack does 70 more damage.",,,,,Three Diamond,Charizard
Gothorita,80,Psychic,Darkness +20,,1,,"Using its psychic power, it arranges pebbles to form the shapes of constellations. Some people believe this Pokémon came from outer space.",Slap,Psychic,30,,,,,,Two Diamond,Mega Altaria
Cacnea,60,Grass,Fire +20,,1,,It lives in arid locations. Its yellow flowers bloom once a year.,Corkscrew Punch,"Grass,Colorless",30,,,,,,One Diamond,Gardevoir
Growlithe,70,Fire,Water +20,,1,,It has a brave and trustworthy nature. It fearlessly stands up to bigger and stronger foes.,Bite,"Colorless,Colorless",20,,,,,,One Diamond,Pikachu
Gliscor,100,Fighting,Grass +20,,2,,"It observes prey while hanging inverted from branches. When the chance presents itself, it swoops!",Acrobatics,Fighting,20+,Flip 2 coins. This attack does 20 more damage for each heads.,,,,,Two Diamond,Dialga
Grimer,70,Darkness,Fighting +20,,3,,"Born from sludge, these Pokémon now gather in polluted places and increase the bacteria in their bodies.",Poison Gas,Darkness,10,Your opponent's Active Pokémon is now Poisoned.,,,,,One Diamond,Mewtwo
Varoom,70,Metal,Fire +20,,1,,It is said that this Pokémon was born when an unknown poison Pokémon entered and inspirited an engine left at a scrap-processing factory.,Headbutt,Metal,10,,,,,,One Diamond,Shining
Bibarel,110,Colorless,Fighting +20,,2,,It busily makes its nest with stacks of branches and roots it has cut up with its sharp incisors.,Rolling Tackle,"Colorless,Colorless",60,,,,,,One Diamond,Dialga
Lusamine,,,,,,,,,,,,,,,,Two Diamond,Extradimensional
Monferno,80,Fire,Water +20,,1,,It skillfully controls the intensity of the fire on its tail to keep its foes at an ideal distance.,Fiery Punch,Fire,30,,,,,,Two Diamond,Palkia
Vaporeon,130,Water,Lightning +20,,2,,"It lives close to water. Its long tail is ridged with a fin, which is often mistaken for a mermaid's.",Bubble Drain,"Water,Colorless,Colorless",60,Heal 30 damage from this Pokémon.,,,,,Three Diamond,Mewtwo
Arbok,100,Darkness,Fighting +20,,2,,The latest research has determined that there are over 20 possible arrangements of the patterns on its stomach.,Corner,"Darkness,Colorless",60,"During your opponent's next turn, the Defending Pokémon can't retreat.",,,,,Two Diamond,Charizard
Marill,60,Water,Lightning +20,,1,,The fur on its body naturally repels water. It can stay dry even when it plays in the water.,Water Gun,Water,20,,,,,,One Diamond,Arceus
Pikachu,60,Lightning,Fighting +20,,1,,"When it is angered, it immediately discharges the energy stored in the pouches in its cheeks.",Gnaw,Lightning,20,,,,,,One Diamond,Pikachu
Frillish,60,Psychic,Darkness +20,,1,,"It envelops its prey in its veillike arms and draws it down to the deeps, five miles below the ocean's surface.",Absorb,Psychic,10,Heal 10 damage from this Pokémon.,,,,,One Diamond,Secluded
Tangela,80,Grass,Fire +20,,2,,"Hidden beneath a tangle of vines that grows nonstop even if the vines are torn off, this Pokémon's true appearance remains a mystery.",Absorb,"Grass,Colorless",40,Heal 10 damage from this Pokémon.,,,,,One Diamond,Charizard
Gengar,130,Psychic,Darkness +20,,2,,"To steal the life of its target, it slips into the prey's shadow and silently waits for an opportunity.",Bother,Psychic,50,Your opponent can't use any Supporter cards from their hand during their next turn.,,,,,Three Diamond,Mewtwo
Larvitar,60,Fighting,Grass +20,,1,,"Born deep underground, this Pokémon becomes a pupa after eating enough dirt to make a mountain.",Corkscrew Punch,"Fighting,Colorless",30,,,,,,One Diamond,Arceus
Sneasel,60,Darkness,Grass +20,,1,,"This cunning Pokémon hides under the cover of darkness, waiting to attack its prey.",Double Scratch,Darkness,20×,Flip 2 coins. This attack does 20 damage for each heads.,,,,,One Diamond,Palkia
Spinarak,60,Darkness,Fighting +20,,1,,"It lies still in the same pose for days in its web, waiting for its unsuspecting prey to wander close.",Pierce,Darkness,20,,,,,,One Diamond,Ho-Oh
Zubat,50,Darkness,Fighting +20,,1,,"It emits ultrasonic waves from its mouth to check its surroundings. Even in tight caves, Zubat flies around with skill.",Glide,Colorless,10,,,,,,One Diamond,Mewtwo
Bronzor,60,Metal,Fire +20,,1,,Ancient people believed that the pattern on Bronzor's back contained a mysterious power.,Tackle,"Metal,Colorless",30,,,,,,One Diamond,Dialga
Hoothoot,60,Colorless,Lightning +20,,1,,"It always stands on one foot. It changes feet so fast, the movement can rarely be seen.",Peck,Colorless,20,,,,,,One Diamond,Arceus
Staraptor,140,Colorless,Lightning +20,,1,,"When Staravia evolve into Staraptor, they leave the flock to live alone. They have sturdy wings.",Clutch,"Colorless,Colorless,Colorless",80,"During your opponent's next turn, the Defending Pokémon can't retreat.",,,,,Two Diamond,Palkia
Barry,,,,,,,,,,,,,,,,Two Diamond,Arceus
Magmar,80,Fire,Water +20,,2,,Magmar dispatches its prey with fire. But it regrets this habit once it realizes that it has burned its intended prey to a charred crisp.,Magma Punch,"Fire,Fire",50,,,,,,One Diamond,Charizard
Pancham,60,Fighting,Psychic +20,,1,,"Wanting to make sure it's taken seriously, Pancham's always giving others a glare. But if it's not focusing, it ends up smiling.",Punch,Colorless,20,,,,,,One Diamond,Mega Gyarados
Blitzle,60,Lightning,Fighting +20,,1,,"When thunderclouds cover the sky, it will appear. It can catch lightning with its mane and store the electricity.",Zap Kick,Lightning,20,,,,,,One Diamond,Charizard
Lumineon,80,Water,Lightning +20,,0,,"With its shining light, it lures its prey close. However, the light also happens to attract ferocious fish Pokémon—its natural predators.",Aqua Liner,"Water,Water",,This attack does 50 damage to 1 of your opponent's Benched Pokémon.,,,,,Two Diamond,Mew
Rotom,70,Lightning,Fighting +20,,1,,Its electricity-like body can enter some kinds of machines and take control in order to make mischief.,Assault Laser,Colorless,20+,"If your opponent's Active Pokémon has a Pokémon Tool attached, this attack does 30 more damage.",,,,,One Diamond,Palkia
Origin Forme Palkia,120,Water,Lightning +20,,2,,It soars across the sky in a form that greatly resembles the creator of all things. Perhaps this imitation of appearance is Palkia's strategy for gaining Arceus's powers.,Zone Smash,"Water,Water,Water",60+,,,,,,Three Diamond,Arceus
Watchog,100,Colorless,Fighting +20,,1,,"When they see an enemy, their tails stand high, and they spit the seeds of berries stored in their cheek pouches.",Biting Fang,"Colorless,Colorless",40,"Flip a coin. If heads, this attack does 40 more damage.",,,,,Two Diamond,Mega Altaria
Manaphy,50,Water,Lightning +20,,1,,It is born with a wondrous power that lets it bond with any kind of Pokémon.,Oceanic Gift,Water,,"Choose 2 of your Benched Pokémon. For each of those Pokémon, take a {W} Energy from your Energy Zone",,,,,Two Diamond,Palkia
Magneton,80,Lightning,Fighting +20,,2,,Three Magnemite are linked by a strong magnetic force. Earaches will occur if you get too close.,Spinning Attack,"Lightning,Colorless,Colorless,Colorless",60,,,,,,Three Diamond,Pikachu
Luxio,90,Lightning,Fighting +20,,1,,Strong electricity courses through the tips of its sharp claws. A light scratch causes fainting in foes.,Electric Claws,"Lightning,Colorless",40,,,,,,Two Diamond,Dialga
Rhyhorn,80,Fighting,Grass +20,,3,,"Strong, but not too bright, this Pokémon can shatter even a skyscraper with its charging tackles.",Tackle,"Fighting,Fighting,Colorless",60,,,,,,One Diamond,Mewtwo
Wormadam,120,Grass,Fire +20,,2,,Its appearance changes depending on where it evolved. The materials on hand become a part of its body.,Leaf Cutter,"Grass,Colorless,Colorless",60+,"Flip a coin. If heads, this attack does 30 more damage.",,,,,One Diamond,Dialga
Pansage,60,Grass,Fire +20,,1,,It's good at finding berries and gathers them from all over. It's kind enough to share them with friends.,Beat,Colorless,10,,,,,,One Diamond,Mega Gyarados
Chandelure,140,Fire,Water +20,,2,,"In homes illuminated by Chandelure instead of lights, funerals were a constant occurrence— or so it's said.",Heat Blast,"Fire,Fire",80,,,,,,Three Diamond,Mega Altaria
Ursaring,120,Colorless,Fighting +20,,3,,"It usually wears a hardened expression, but when it's licking up honey—which it loves—the joy it feels will cause it to break into a wide grin.",Swing Around,"Colorless,Colorless,Colorless",60,Flip 2 coins. This attack does 20 more damage for each heads.,,,,,Two Diamond,Ho-Oh
Parasect,120,Grass,Fire +20,,2,,"The bug is mostly dead, with the mushroom on its back having become the main body. If the mushroom comes off, the bug stops moving.",Slash,"Grass,Grass,Colorless",80,,,,,,Two Diamond,Pikachu
Hippopotas,80,Fighting,Grass +20,,3,,"It shuts its nostrils tight, then travels through sand as if walking. They form colonies of around 10.",Rolling Tackle,"Fighting,Fighting,Colorless",60,,,,,,One Diamond,Palkia
Chewtle,80,Water,Lightning +20,,2,,"Its large front tooth is still growing in. When the tooth itches, this Pokémon will bite another Chewtle's horn, and the two Pokémon will tussle.",Bite,"Water,Colorless",30,,,,,,One Diamond,Mew
Drampa,100,Dragon,,,2,,"The mountains it calls home are nearly two miles in height. On rare occasions, it descends to play with the children living in the towns below.",Berserk,"Colorless,Colorless",20+,"If any of your Benched Pokémon have damage on them, this attack does 50 more damage.",,,,,Three Diamond,Solgaleo
Venonat,60,Grass,Fire +20,,1,,Poison oozes from all over its body. It catches small bug Pokémon at night that are attracted by light.,Tackle,Grass,20,,,,,,One Diamond,Mewtwo
Krookodile,140,Darkness,Grass +20,,3,,"After clamping down with its powerful jaws, it twists its body around to rip its prey in half.",Poaching Fangs,"Darkness,Darkness,Colorless",90,"Flip 3 coins. For each heads, a card is chosen at random from your opponent's hand. Your opponent re",,,,,Two Diamond,Extradimensional
Lana,,,,,,,,,,,,,,,,Two Diamond,Solgaleo
Clawitzer,100,Water,Lightning +20,,2,,The cannonballs of seawater that Clawitzer launches from its claw are powerful enough to punch through tanker hulls.,Aqua Shower,Water,,This attack does 20 damage to each of your opponent's Pokémon.,,,,,Two Diamond,Crimson Blaze
Vulpix,50,Fire,Water +20,,1,,"While young, it has six gorgeous tails. When it grows, several new tails are sprouted.",Tail Whip,Colorless,,"Flip a coin. If heads, the Defending Pokémon can't attack during your opponent's next turn.",,,,,One Diamond,Charizard
Mallow,,,,,,,,,,,,,,,,Two Diamond,Solgaleo
Shroodle,60,Darkness,Fighting +20,,1,,"Though usually a mellow Pokémon, it will sink its sharp, poison-soaked front teeth into any that anger it, causing paralysis in the object of its ire.",Gnaw,Darkness,20,,,,,,One Diamond,Shining
Deino,60,Darkness,Grass +20,,1,,"It nests deep inside a cave. Food there is scarce, so Deino will sink its teeth into anything that moves and attempt to eat it.",Headbutt,Darkness,20,,,,,,One Diamond,Mega Gyarados
Lurantis,90,Grass,Fire +20,,1,,"By masquerading as a bug Pokémon, it lowers the guard of actual bug Pokémon lured in by a scent of sweet flowers. Its sickles bring them down.",Petal Blizzard,Grass,,This attack does 20 damage to each of your opponent's Pokémon.,,,,,Two Diamond,Solgaleo
Dewgong,120,Water,Lightning +20,,3,,It sunbathes on the beach after meals. The rise in its body temperature helps its digestion.,Surf,"Water,Water,Water",90,,,,,,Two Diamond,Pikachu
Tornadus,90,Colorless,Lightning +20,,1,,"Tornadus expels massive energy from its tail, causing severe storms. Its power is great enough to blow houses away.",Blow Through,"Colorless,Colorless",40,"If a Stadium is in play, this attack does 40 more damage.",,,,,Three Diamond,Gardevoir
Qwilfish,80,Water,Lightning +20,,2,,Be cautious if this Pokémon starts sucking in water—it will soon attack by scattering the toxic spikes that grow all over its body.,Poison Sting,Water,20,Your opponent's Active Pokémon is now Poisoned.,,,,,Two Diamond,Lugia
Mantine,90,Water,Lightning +20,,2,,"If it builds up enough speed swimming, it can jump out above the waves and glide for over 300 feet.",Surf,"Water,Colorless",50,,,,,,One Diamond,Extradimensional
Salandit,60,Fire,Water +20,,1,,"It taunts its prey and lures them into narrow, rocky areas where it then sprays them with toxic gas to make them dizzy and take them down.",Scratch,Fire,20,,,,,,One Diamond,Mewtwo
Feebas,30,Water,Lightning +20,,1,,"Although unattractive and unpopular, this Pokémon's marvelous vitality has made it a subject of research.",Leap Out,Water,,Switch this Pokémon with 1 of your Benched Pokémon.,,,,,One Diamond,Secluded
Zebstrika,90,Lightning,Fighting +20,,1,,"When this ill-tempered Pokémon runs wild, it shoots lightning from its mane in all directions.",Thunder Spear,Lightning,,This attack does 30 damage to 1 of your opponent's Pokémon.,,,,,Two Diamond,Charizard
Liepard,90,Darkness,Grass +20,,1,,Don't be fooled by its gorgeous fur and elegant figure. This is a moody and vicious Pokémon.,Slash,Darkness,40,,,,,,One Diamond,Mew
Seedot,50,Grass,Fire +20,,1,,It attaches itself to a tree branch using the top of its head. Strong winds can sometimes make it fall.,Rollout,Grass,20,,,,,,One Diamond,Mega Blaziken
Kadabra,80,Psychic,Darkness +20,,1,,"Using its psychic power, Kadabra levitates as it sleeps. It uses its springy tail as a pillow.",Super Psy Bolt,"Psychic,Colorless,Colorless",60,,,,,,Two Diamond,Charizard
Starmie,90,Water,Lightning +20,,0,,This Pokémon has an organ known as its core. The organ glows in seven colors when Starmie is unleashing its potent psychic powers.,Wave Splash,Water,40,,,,,,Two Diamond,Charizard
Clobbopus,80,Fighting,Psychic +20,,2,,"It's very curious, but its means of investigating things is to try to punch them with its tentacles. The search for food is what brings it onto land.",Knuckle Punch,"Fighting,Colorless",30,,,,,,One Diamond,Charizard
Lucario,100,Fighting,Psychic +20,,2,,"It's said that no foe can remain invisible to Lucario, since it can detect auras—even those of foes it could not otherwise see.",Submarine Blow,"Fighting,Fighting",40,,,,,,Three Diamond,Dialga
Talonflame,120,Fire,Lightning +20,,1,,"It has top-notch flying capabilities. It flies around easily, even while carrying prey that weighs more than 220 lbs.",Fire Wing,"Fire,Fire",90,,,,,,Three Diamond,Solgaleo
Meltan,60,Metal,Fire +20,,1,,It dissolves and eats metal. Circulating liquid metal within its body is how it generates energy.,Amass,Metal,,Take 1 {M} Energy from your Energy Zone and attach it to this Pokémon.,,,,,One Diamond,Charizard
Gabite,90,Dragon,,,1,,"In rare cases, it molts and sheds its scales. Medicine containing its scales as an ingredient will make a weary body feel invigorated.",Slash,"Water,Fighting",60,,,,,,Two Diamond,Palkia
Miltank,110,Colorless,Fighting +20,,3,,"Miltank produces highly nutritious milk, so it's been supporting the lives of people and other Pokémon since ancient times.",Rolling Frenzy,Colorless,10,"Until this Pokémon leaves the Active Spot, this Pokémon's Rolling Frenzy attack does +30 damage. Thi",,,,,Two Diamond,Secluded
Slurpuff,100,Psychic,Metal +20,,2,,"By taking in a person's scent, it can sniff out their mental and physical condition. It's hoped that this skill will have many medical applications.",Magical Shot,"Psychic,Colorless",60,,,,,,One Diamond,Mew
Will,,,,,,,,,,,,,,,,Two Diamond,Lugia
Solrock,90,Fighting,Grass +20,,2,,"When it rotates itself, it gives off light similar to the sun, thus blinding its foes.",Solar Beam,"Fighting,Fighting",60,,,,,,One Diamond,Solgaleo
Dome Fossil,,,,,,,,,,,,,,,,One Diamond,Charizard
Ledian,80,Grass,Fire +20,,1,,"It's said that the patterns on its back are related to the stars in the night sky, but the details of that relationship remain unclear.",Punch,Grass,50,,,,,,One Diamond,Lugia
Natu,50,Psychic,Darkness +20,,1,,It is extremely good at climbing tree trunks and likes to eat the new sprouts on the trees.,Peck,Psychic,20,,,,,,One Diamond,Lugia
Stunfisk,90,Lightning,Fighting +20,,2,,"Thanks to bacteria that lived in the mud flats with it, this Pokémon developed the organs it uses to generate electricity.",Static Shock,"Lightning,Colorless",50,,,,,,One Diamond,Secluded
Purugly,110,Colorless,Fighting +20,,3,,It would claim another Pokémon's nest as its own if it finds a nest sufficiently comfortable.,Interrupt,"Colorless,Colorless,Colorless",60,Your opponent reveals their hand. Choose a card you find there and shuffle it into your opponent's d,,,,,Two Diamond,Palkia
Vivillon,130,Grass,Fire +20,,1,,"This Pokémon was born in a land where flowers bloom. It scatters colorful, toxic scales from its wings during battle.",Vivid Powder,"Grass,Colorless",60,Your opponent's Active Pokémon is now Poisoned and Asleep.,,,,,Two Diamond,Gardevoir
Reshiram,120,Fire,Water +20,,2,,"When Reshiram's tail flares, the heat energy moves the atmosphere and changes the world's weather.",Blue Flare,"Fire,Fire,Fire",110,Discard 2 {R} Energy from this Pokémon.,,,,,Three Diamond,Gardevoir
Lairon,100,Metal,Fire +20,,3,,It loves iron ore. Groups of them fight for territory by bashing one another with their steel bodies.,Lunge Out,"Metal,Metal,Colorless",60,,,,,,One Diamond,Extradimensional
Falinks,70,Fighting,Psychic +20,,1,,"The leader, known as the brass, uses its extendible horn to issue orders to the others when it's time to change formation.",Invade,Fighting,20,,,,,,Two Diamond,Gardevoir
Alomomola,110,Water,Lightning +20,,2,,It gently holds injured and weak Pokémon in its fins. Its special membrane heals their wounds.,Water Pulse,"Water,Colorless,Colorless",50,Your opponent's Active Pokémon is now Asleep.,,,,,One Diamond,Eevee
Minun,70,Lightning,Fighting +20,,1,,Its dislike of water makes it take shelter under the eaves of houses in rain. It uses pom-poms made of sparks for cheering.,Buddy Spark,Lightning,30,"If Plusle is on your Bench, this attack also does 10 damage to each of your opponent's Benched Pokém",,,,,One Diamond,Gardevoir
Toxel,60,Lightning,Fighting +20,,1,,"This selfish, attention-seeking Pokémon stores poison and electricity in two different sacs inside its body.",Static Shock,"Lightning,Colorless",30,,,,,,One Diamond,Gardevoir
Torkoal,100,Fire,Water +20,,2,,It burns coal inside its shell for energy. It blows out black soot if it is endangered.,Flamethrower,"Fire,Fire",70,Discard a {R} Energy from this Pokémon.,,,,,One Diamond,Eevee
Mightyena,90,Darkness,Grass +20,,1,,It will always obey the commands of a skilled Trainer. Its behavior arises from its living in packs in ancient times.,Darkness Fang,"Darkness,Colorless",60,,,,,,Two Diamond,Dialga
Granbull,120,Psychic,Metal +20,,2,,"While it has powerful jaws, it doesn't care for disputes, so it rarely has a chance to display their might.",Wild Tackle,"Psychic,Psychic,Colorless",100,This Pokémon also does 20 damage to itself.,,,,,Two Diamond,Lugia
Litten,60,Fire,Water +20,,1,,"If you try too hard to get close to it, it won't open up to you. Even if you do grow close, giving it too much affection is still a no-no.",Heat Tackle,Fire,30,This Pokémon also does 10 damage to itself.,,,,,One Diamond,Solgaleo
Meloetta,70,Psychic,Darkness +20,,1,,Its melodies are sung with a special vocalization method that can control the feelings of those who hear it.,Psyshot,"Psychic,Psychic",50,,,,,,Two Diamond,Gardevoir
Eelektross,140,Lightning,Fighting +20,,3,,They crawl out of the ocean using their arms. They will attack prey on shore and immediately drag it into the ocean.,Thunder Fang,"Lightning,Lightning,Colorless",80,"Flip a coin. If heads, your opponent's Active Pokémon is now Paralyzed.",,,,,Three Diamond,Mewtwo
Haunter,80,Psychic,Darkness +20,,1,,It likes to lurk in the dark and tap shoulders with a gaseous hand. Its touch causes endless shuddering.,Will-O-Wisp,Psychic,30,,,,,,Two Diamond,Mewtwo
Scolipede,140,Darkness,Fighting +20,,2,,Scolipede latches on to its prey with the claws on its neck before slamming them into the ground and jabbing them with its claws' toxic spikes.,Venoshock,"Darkness,Colorless",70+,"If your opponent's Active Pokémon is Poisoned, this attack does 50 more damage.",,,,,Two Diamond,Mew
Cobalion,110,Metal,Fire +20,,2,,It has a body and heart of steel. It worked with its allies to punish people when they hurt Pokémon.,Sacred Sword,"Metal,Metal,Colorless",110,"During your next turn, this Pokémon can't use Sacred Sword.",,,,,Three Diamond,Mega Blaziken
Wiglett,60,Water,Lightning +20,,1,,This Pokémon can pick up the scent of a Veluza just over 65 feet away and will hide itself in the sand.,Spring Out,Water,,1 of your opponent's Pokémon is chosen at random. Do 30 damage to it.,,,,,One Diamond,Shining
Bisharp,90,Metal,Fire +20,,1,,This Pokémon commands a group of several Pawniard. Groups that are defeated in territorial disputes are absorbed by the winning side.,Metal Claw,"Metal,Metal",70,,,,,,Two Diamond,Charizard
Scraggy,60,Darkness,Grass +20,,1,,It will abruptly headbutt anyone that makes eye contact with it. Its skull is extremely hard.,Headbutt,Darkness,20,,,,,,One Diamond,Gardevoir
Shellos,70,Water,Lightning +20,,2,,It used to have a shell on its back long ago. This species is closely related to Pokémon like Shellder.,Mud-Slap,"Water,Colorless",30,,,,,,One Diamond,Palkia
Emolga,70,Lightning,Lightning +20,,1,,"As Emolga flutters through the air, it crackles with electricity. This Pokémon is cute, but it can cause a lot of trouble.",Static Shock,Lightning,30,,,,,,One Diamond,Extradimensional
Aromatisse,90,Psychic,Metal +20,,1,,The scents Aromatisse can produce range from sweet smells that bolster allies to foul smells that sap an opponent's will to fight.,Confounding Cologne,Psychic,40,Your opponent's Active Pokémon is now Confused.,,,,,Two Diamond,Mega Altaria
Zweilous,90,Darkness,Grass +20,,2,,"The two heads have different likes and dislikes. Because the heads fight with each other, Zweilous gets stronger without needing to rely on others.",Darkness Fang,"Darkness,Darkness",40,,,,,,Two Diamond,Mega Gyarados
Cleffa,30,Psychic,Colorless +20,,0,,"According to local rumors, Cleffa are often seen in places where shooting stars have fallen.",Twinkly Call,,,Put a random Pokémon from your deck into your hand.,,,,,Three Diamond,Lugia
Serena,,,,,,,,,,,,,,,,Two Diamond,Crimson Blaze
Golurk,140,Psychic,Darkness +20,,4,,Artillery platforms built into the walls of ancient castles served as perches from which Golurk could fire energy beams.,Double Lariat,"Psychic,Psychic,Colorless,Colorless",100×,Flip 2 coins. This attack does 100 damage for each heads.,,,,,Two Diamond,Charizard
Scyther,70,Grass,Fire +20,,1,,"It slashes through grass with its sharp scythes, moving too fast for the human eye to track.",Sharp Scythe,Grass,30,,,,,,One Diamond,Mewtwo
Azelf,70,Psychic,Darkness +20,,1,,Known as “The Being of Willpower.” It sleeps at the bottom of a lake to keep the world in balance.,Psychic Arrow,Psychic,,This attack does 20 damage to 1 of your opponent's Pokémon.,,,,,Two Diamond,Dialga
Machamp,150,Fighting,Psychic +20,,3,,It quickly swings its four arms to rock its opponents with ceaseless punches and chops from all angles.,Seismic Toss,"Fighting,Fighting,Fighting",100,,,,,,Three Diamond,Charizard
Lillie,,,,,,,,,,,,,,,,Two Diamond,Solgaleo
Flamigo,80,Fighting,Psychic +20,,1,,This Pokémon apparently ties the base of its neck into a knot so that energy stored in its belly does not escape from its beak.,Double Kick,"Fighting,Fighting",50x,Flip 2 coins. This attack does 50 damage for each heads.,,,,,Two Diamond,Shining
Juggler,,,,,,,,,,,,,,,,Two Diamond,Gardevoir
Bergmite,70,Water,Metal +20,,2,,"They live in mountainous regions of frigid cold. On rare occasions, they ride on the back of an Avalugg to cross seas and move to new habitats.",Icicle,"Water,Colorless",30,,,,,,One Diamond,Mega Gyarados
Shinx,60,Lightning,Fighting +20,,1,,The extension and contraction of its muscles generates electricity. It glows when in trouble.,Hide,Lightning,,"Flip a coin. If heads, during your opponent's next turn, prevent all damage from—and effects of—atta",,,,,One Diamond,Dialga
Pachirisu,70,Lightning,Fighting +20,,1,,It's one of the kinds of Pokémon with electric cheek pouches. It shoots charges from its tail.,Plasma,Lightning,10,Take a {L} Energy from your Energy Zone and attach it to 1 of your Benched Pokémon.,,,,,Two Diamond,Shining
Clauncher,60,Water,Lightning +20,,1,,"Clauncher's claws will regrow if they fall off. The meat inside the claws is edible, but it has a distinct flavor that doesn't appeal to all tastes.",Water Gun,Water,20,,,,,,One Diamond,Crimson Blaze
Kingler,120,Water,Lightning +20,,3,,"Its large and hard pincer has 10,000-horsepower strength. However, being so big, it is unwieldy to move.",KO Crab,"Water,Water,Colorless",80+,"Flip 2 coins. If both of them are heads, this attack does 80 more damage.",,,,,Two Diamond,Mewtwo
Uxie,70,Psychic,Darkness +20,,1,,Known as “The Being of Knowledge.” It is said that it can wipe out the memory of those who see its eyes.,Mind Boost,Psychic,20,Take a {P} Energy from your Energy Zone and attach it to Mesprit or Azelf.,,,,,Two Diamond,Dialga
Krabby,70,Water,Lightning +20,,2,,It can be found near the sea. The large pincers grow back if they are torn out of their sockets.,Vise Grip,"Water,Colorless",40,,,,,,One Diamond,Mewtwo
Palossand,130,Psychic,Darkness +20,,3,,"The terrifying Palossand drags smaller Pokémon into its sandy body. Once its victims are trapped, it drains them of their vitality whenever it pleases.",Spooky Shot,"Psychic,Colorless,Colorless",70,,,,,,Three Diamond,Solgaleo
Azumarill,100,Water,Lightning +20,,2,,Its long ears are superb sensors. It can distinguish the movements of things in water and tell what they are.,Waterfall,"Water,Colorless",60,,,,,,One Diamond,Arceus
Scrafty,110,Darkness,Grass +20,,2,,"This Pokémon may be rude, but it takes very good care of its family, its friends, and its turf.",Crush the Weak,"Darkness,Darkness",50,"If this Pokémon has more Energy attached than your opponent's Active Pokémon, this attack does 50 mo",,,,,Two Diamond,Gardevoir
Seel,80,Water,Lightning +20,,2,,"Thanks to its thick fat, cold seas don't bother it at all, but it gets tired pretty easily in warm waters.",Headbutt,"Colorless,Colorless",30,,,,,,One Diamond,Pikachu
Weedle,50,Grass,Fire +20,,1,,"Often found in forests and grasslands. It has a sharp, toxic barb of around two inches on top of its head.",Sting,Grass,20,,,,,,One Diamond,Mewtwo
Elemental Switch,,,,,,,,,,,,,,,,Two Diamond,Lugia
Lyra,,,,,,,,,,,,,,,,Two Diamond,Lugia
Jolteon,90,Lightning,Fighting +20,,1,,It concentrates the weak electric charges emitted by its cells and launches wicked lightning bolts.,Pin Missile,"Lightning,Colorless",40×,Flip 4 coins. This attack does 40 damage for each heads.,,,,,Three Diamond,Pikachu
Furret,90,Colorless,Fighting +20,,1,,The mother puts its offspring to sleep by curling up around them. It corners foes with speed.,Tail Smash,Colorless,80,"Flip a coin. If tails, this attack does nothing.",,,,,One Diamond,Ho-Oh
Dustox,130,Grass,Fire +20,,1,,It violently flutters its wings to scatter toxic dust when attacked. It becomes active after sunset.,Select Powder,Grass,60,Choose either Poisoned or Confused. Your opponent's Active Pokémon is now affected by that Special C,,,,,Three Diamond,Mega Blaziken
Klink,60,Metal,Fire +20,,1,,The two minigears that compose this Pokémon are closer than twins. They mesh well only with each other.,Vise Grip,Metal,20,,,,,,One Diamond,Ho-Oh
Hypno,100,Psychic,Darkness +20,,2,,"When it locks eyes with an enemy, it will use a mix of psi moves, such as Hypnosis and Confusion.",Psypunch,"Psychic,Psychic,Colorless",50,,,,,,Three Diamond,Pikachu
Pupitar,80,Fighting,Grass +20,,1,,"Its shell is as hard as bedrock, and it is also very strong. Its thrashing can topple a mountain.",Speed Attack,"Fighting,Colorless,Colorless",50,,,,,,Two Diamond,Arceus
Giratina,120,Psychic,Darkness +20,,3,,"This Pokémon is said to live in a world on the reverse side of ours, where common knowledge is distorted and strange.",Spooky Shot,"Psychic,Psychic,Colorless",70,,,,,,Three Diamond,Palkia
Heliolisk,90,Lightning,Fighting +20,,1,,One Heliolisk basking in the sun with its frill outspread is all it would take to produce enough electricity to power a city.,Quick Attack,"Colorless,Colorless",40+,"Flip a coin. If heads, this attack does 40 more damage.",,,,,One Diamond,Charizard
Noctowl,100,Colorless,Lightning +20,,1,,Its eyes are specially developed to enable it to see clearly even in murky darkness and minimal light.,Silent Wing,"Colorless,Colorless",50,Your opponent reveals their hand.,,,,,Two Diamond,Arceus
Chatot,60,Colorless,Lightning +20,,1,,It mimics the cries of other Pokémon to trick them into thinking it's one of them. This way they won't attack it.,Mimic,Colorless,,Shuffle your hand into your deck. Draw a card for each card in your opponent's hand.,,,,,One Diamond,Mew
Registeel,110,Metal,Fire +20,,2,,Registeel's body is made of a strange material that is flexible enough to stretch and shrink but also more durable than any metal.,Metal Claw,"Metal,Metal,Metal",90,,,,,,Two Diamond,Dialga
Honedge,60,Metal,Fire +20,,1,,"The blue eye on the sword's handguard is the true body of Honedge. With its old cloth, it drains people's lives away.",Pierce,Metal,20,,,,,,One Diamond,Mega Blaziken
Baltoy,60,Fighting,Grass +20,,1,,It moves while spinning around on its single foot. Some Baltoy have been seen spinning on their heads.,Spinning Attack,"Colorless,Colorless",30,,,,,,One Diamond,Extradimensional
Gastrodon,120,Water,Lightning +20,,3,,"They normally inhabit rocky seashores, but in times of continuous rain, they can sometimes be found in the mountains, far from the sea.",Muddy Water,"Water,Colorless,Colorless",60,This attack also does 20 damage to 1 of your opponent's Benched Pokémon.,,,,,Two Diamond,Palkia
Honchkrow,100,Darkness,Lightning +20,,2,,It is merciless by nature. It is said that it never forgives the mistakes of its Murkrow followers.,Skill Dive,"Darkness,Darkness",,This attack does 50 damage to 1 of your opponent's Pokémon.,,,,,Two Diamond,Dialga
Unown,60,Psychic,Darkness +20,,1,,"Its flat, thin body is always stuck on walls. Its shape appears to have some meaning.",Hidden Power,Colorless,20,,,,,,Two Diamond,Arceus
Combusken,80,Fire,Water +20,,1,,"During a battle, the hot flame in its body increases. Its kicks have outstanding destructive power.",High Jump Kick,"Fire,Fire",50,,,,,,Two Diamond,Mega Blaziken
Hydreigon,150,Darkness,Grass +20,,2,,"It's said that Hydreigon grew ferocious because people in times long past loathed it, considering it to be evil incarnate and attacking it relentlessly.",Hyper Ray,"Darkness,Darkness,Darkness",130,Discard all Energy from this Pokémon.,,,,,Three Diamond,Mega Gyarados
Tropius,100,Grass,Fire +20,,2,,It lives in tropical jungles. The bunch of fruit around its neck is delicious. The fruit grows twice a year.,Cutting Wind,"Colorless,Colorless,Colorless",60,,,,,,Two Diamond,Eevee
Zapdos,100,Lightning,Lightning +20,,1,,This Pokémon has complete control over electricity. There are tales of Zapdos nesting in the dark depths of pitch-black thunderclouds.,Raging Thunder,"Lightning,Lightning,Colorless",100,This attack also does 30 damage to 1 of your Benched Pokémon.,,,,,Three Diamond,Pikachu
Swampert,150,Water,Lightning +20,,3,,"Swampert's arms are rock-hard. With one swing, they can batter down Swampert's foes. This Pokémon makes its nest on beautiful beaches.",Large Whirlpool,"Water,Water,Water",100,Discard a random Energy from among the Energy attached to all Pokémon (both yours and your opponent',,,,,Three Diamond,Gardevoir
Shroomish,60,Grass,Fire +20,,1,,"If it senses danger, it scatters spores from the top of its head to protect itself.",Tackle,Grass,20,,,,,,One Diamond,Mega Altaria
Lanturn ex,150,Lightning,Fighting +20,,2,,,Flashing Signal,"Lightning,Colorless,Colorless",80,"Flip a coin. If heads, your opponent's Active Pokémon is now Paralyzed. If tails, your opponent's Ac",,,,,Four Diamond,Lugia
Herdier,80,Colorless,Fighting +20,,1,,Herdier is a very smart and friendly Pokémon. So much so that there's a theory that Herdier was the first Pokémon to partner with people.,Bite,Colorless,30,,,,,,One Diamond,Extradimensional
Heracross,100,Grass,Fire +20,,2,,"It loves sweet nectar. To keep all the nectar to itself, it hurls rivals away with its prized horn.",Single-Horn Throw,"Grass,Colorless,Colorless",50+,"Flip 2 coins. If both of them are heads, this attack does 70 more damage.",,,,,Two Diamond,Arceus
Hitting Hammer,,,,,,,,,,,,,,,,Two Diamond,Mega Gyarados
Eldegoss,90,Grass,Fire +20,,1,,"The cotton on the head of this Pokémon can be spun into a glossy, gorgeous yarn—a Galar regional specialty.",Float Up,Grass,40,You may shuffle this Pokémon and all attached cards into your deck.,,,,,Two Diamond,Gardevoir
Tandemaus,40,Colorless,Fighting +20,,1,,The pair sticks together no matter what. They split any food they find exactly in half and then eat it together.,Flock,Colorless,,Put 3 random cards from among Tandemaus and Maushold from your deck onto your Bench.,,,,,One Diamond,Gardevoir
Hala,,,,,,,,,,,,,,,,Two Diamond,Mega Blaziken
Rapidash,100,Fire,Water +20,,1,,"This Pokémon can be seen galloping through fields at speeds of up to 150 mph, its fiery mane fluttering in the wind.",Fire Mane,Fire,40,,,,,,Two Diamond,Charizard
Chingling,30,Psychic,Colorless +20,,0,,"There is an orb inside its mouth. When it hops, the orb bounces all over and makes a ringing sound.",Jingly Noise,,10,"During your opponent's next turn, they can't play any Item cards from their hand.",,,,,Three Diamond,Mega Altaria
Tentacruel,110,Water,Lightning +20,,2,,"When the red orbs on Tentacruel's head glow brightly, watch out. The Pokémon is about to fire off a burst of ultrasonic waves.",Poison Tentacles,"Water,Colorless",50,Your opponent's Active Pokémon is now Poisoned.,,,,,Two Diamond,Mewtwo
Latios,110,Psychic,Darkness +20,,2,,It understands human speech and is highly intelligent. It is a tender Pokémon that dislikes fighting.,Luster Purge,"Psychic,Psychic,Psychic",120,Discard all Energy from this Pokémon.,,,,,Three Diamond,Secluded
Ducklett,50,Water,Lightning +20,,1,,"When attacked, it uses its feathers to splash water, escaping under cover of the spray.",Flap,"Colorless,Colorless",30,,,,,,One Diamond,Charizard
Oddish,60,Grass,Fire +20,,1,,"If exposed to moonlight, it starts to move. It roams far and wide at night to scatter its seeds.",Ram,Grass,20,,,,,,One Diamond,Charizard
Barbaracle,120,Fighting,Grass +20,,2,,Seven Binacle come together to form one Barbaracle. The Binacle that serves as the head gives orders to those serving as the limbs.,Dynamic Chop,"Fighting,Colorless,Colorless",70,,,,,,Two Diamond,Lugia
Grubbin,60,Grass,Fire +20,,1,,"Its natural enemies, like Rookidee, may flee rather than risk getting caught in its large mandibles that can snap thick tree branches.",Gnaw,Colorless,10,,,,,,One Diamond,Lunala
Togepi,50,Psychic,Metal +20,,1,,The shell seems to be filled with joy. It is said that it will share good luck when treated kindly.,Pound,Psychic,20,,,,,,One Diamond,Dialga
Sunflora,90,Grass,Fire +20,,1,,"In the daytime, it rushes about in a hectic manner, but it comes to a complete stop when the sun sets.",Solar Beam,"Grass,Grass",70,,,,,,Two Diamond,Lugia
Diglett,50,Fighting,Grass +20,,1,,"It lives about one yard underground, where it feeds on plant roots. It sometimes appears aboveground.",Mud-Slap,Fighting,20,,,,,,One Diamond,Pikachu
Cherrim,80,Grass,Fire +20,,1,,"As a bud, it barely moves. It sits still, placidly waiting for sunlight to appear.",Worry Seed,Grass,40,Your opponent's Active Pokémon is now Confused.,,,,,Two Diamond,Arceus
Primeape,90,Fighting,Psychic +20,,1,,It becomes wildly furious if it even senses someone looking at it. It chases anyone that meets its glare.,Fight Back,"Fighting,Fighting",40+,"If this Pokémon has damage on it, this attack does 60 more damage.",,,,,Two Diamond,Charizard
Wartortle,80,Water,Lightning +20,,1,,"It is recognized as a symbol of longevity. If its shell has algae on it, that Wartortle is very old.",Wave Splash,"Water,Colorless",40,,,,,,Two Diamond,Pikachu
Ilima,,,,,,,,,,,,,,,,Two Diamond,Lunala
Clemont,,,,,,,,,,,,,,,,Two Diamond,Crimson Blaze
Serperior,110,Grass,Fire +20,,2,,It only gives its all against strong opponents who are not fazed by the glare from Serperior's noble eyes.,Solar Beam,"Grass,Colorless,Colorless,Colorless",70,,,,,,Three Diamond,Mew
Popplio,60,Water,Lightning +20,,1,,The balloons it inflates with its nose grow larger and larger as it practices day by day.,Sing,Colorless,,Your opponent's Active Pokémon is now Asleep.,,,,,One Diamond,Lunala
Pachirisu ex,120,Lightning,Fighting +20,,1,,,Sparking Gadget,"Lightning,Lightning",40+,"If this Pokémon has a Pokémon Tool attached, this attack does 40 more damage.",,,,,Four Diamond,Dialga
Greedent,120,Colorless,Fighting +20,,2,,"This Pokémon makes off with heaps of fallen berries by wrapping them in its tail, which is roughly twice the length of its body.",Enhanced Fang,"Colorless,Colorless,Colorless",50,"If this Pokémon has a Pokémon Tool attached, this attack does 50 more damage.",,,,,Two Diamond,Eevee
Musharna,110,Psychic,Darkness +20,,3,,"When dark mists emanate from its body, don't get too near. If you do, your nightmares will become reality.",Dream Dance,"Psychic,Colorless",60,Both Active Pokémon are now Asleep.,,,,,Two Diamond,Lugia
Blaine,,,,,,,,,,,,,,,,Two Diamond,Charizard
Venipede,60,Darkness,Fighting +20,,1,,"Venipede and Sizzlipede are similar species, but when the two meet, a huge fight ensues.",Ram,Darkness,20,,,,,,One Diamond,Mew
Dragonair,100,Dragon,,,1,,"They say that if it emits an aura from its whole body, the weather will begin to change instantly.",Tail Smack,"Water,Lightning,Colorless",80,,,,,,Two Diamond,Mewtwo
Dusknoir,130,Psychic,Darkness +20,,2,,"At the bidding of transmissions from the spirit world, it steals people and Pokémon away. No one knows whether it has a will of its own.",Devour Soul,"Psychic,Colorless,Colorless",70,,,,,,Three Diamond,Dialga
Ekans,60,Darkness,Fighting +20,,1,,"By dislocating its jaw, it can swallow prey larger than itself. After a meal, it curls up and rests.",Bite,Darkness,20,,,,,,One Diamond,Charizard
Snivy,70,Grass,Fire +20,,1,,Being exposed to sunlight makes its movements swifter. It uses vines more adeptly than its hands.,Vine Whip,"Grass,Colorless",40,,,,,,One Diamond,Mew
Yungoos,60,Colorless,Fighting +20,,1,,"Its stomach fills most of its torso. It wanders the same path every day, searching for fresh food.",Tackle,Colorless,20,,,,,,One Diamond,Solgaleo
Frost Rotom,80,Water,Metal +20,,1,,This Rotom has entered a refrigerator. It leaps around gleefully after it uses cold air to freeze the area around it.,Blizzard,"Water,Water",30,This attack also does 10 damage to each of your opponent's Benched Pokémon.,,,,,One Diamond,Dialga
Skuntank,100,Darkness,Fighting +20,,2,,It attacks by spraying a horribly smelly fluid from the tip of its tail. Attacks from above confound it.,Poison Gas,"Darkness,Colorless",50,Your opponent's Active Pokémon is now Poisoned.,,,,,Two Diamond,Dialga
Snorlax ex,160,Colorless,Fighting +20,,4,,,Flop-Down Punch,"Colorless,Colorless,Colorless,Colorless",130,This Pokémon is now Asleep.,,,,,Four Diamond,Eevee
Bagon,60,Dragon,Colorless +20,,1,,Its belief that it will be able to fly one day is apparently the influence of information carried in its genes.,Bite,Colorless,20,,,,,,One Diamond,Gardevoir
Eevee Bag,,,,,,,,,,,,,,,,Two Diamond,Eevee
Minior,80,Fighting,Grass +20,,1,,"Places where Minior fall from the night sky are few and far between, with Alola being one of the precious few.",Star Drop,"Fighting,Fighting",,This attack does 40 damage to 1 of your opponent's Pokémon.,,,,,Two Diamond,Lunala
Swirlix,60,Psychic,Metal +20,,1,,"It eats its own weight in sugar every day. If it doesn't get enough sugar, it becomes incredibly grumpy.",Fairy Wind,Psychic,20,,,,,,One Diamond,Mew
Fisher,,,,,,,,,,,,,,,,Two Diamond,Lugia
Kiawe,,,,,,,,,,,,,,,,Two Diamond,Lunala
Gastly,60,Psychic,Darkness +20,,1,,"It wraps its opponent in its gas-like body, slowly weakening its prey by poisoning it through the skin.",Suffocating Gas,Psychic,20,,,,,,One Diamond,Mewtwo
Erika,,,,,,,,,,,,,,,,Two Diamond,Charizard
Durant,70,Grass,Fire +20,,1,,"They attack in groups, covering themselves in steel armor to protect themselves from Heatmor.",Mountain Munch,"Grass,Grass",40,Discard the top card of your opponent's deck.,,,,,One Diamond,Secluded
Volkner,,,,,,,,,,,,,,,,Two Diamond,Dialga
Zigzagoon,60,Colorless,Fighting +20,,1,,"A Pokémon with abundant curiosity. It shows an interest in everything, so it always zigzags.",Tackle,Colorless,20,,,,,,One Diamond,Mega Altaria
Swablu,50,Colorless,Lightning +20,,1,,It constantly grooms its cotton-like wings. It takes a shower to clean itself if it becomes dirty.,Peck,Colorless,20,,,,,,One Diamond,Secluded
Flame Patch,,,,,,,,,,,,,,,,Two Diamond,Mega Blaziken
Mew,60,Psychic,Darkness +20,,1,,"Because it can use all kinds of moves, many scientists believe Mew to be the ancestor of Pokémon.",Psy Report,Psychic,20,,,,,,Three Star,
Servine,80,Grass,Fire +20,,1,,"It moves along the ground as if sliding. Its swift movements befuddle its foes, and it then attacks with a vine whip.",Vine Whip,"Grass,Colorless",50,,,,,,Two Diamond,Mew
Rescue Scarf,,,,,,,,,,,,,,,,Two Diamond,Lugia
Fletchling,50,Colorless,Lightning +20,,1,,"This Pokémon is normally calm, but once it enters battle, its hormonal balance changes and it becomes aggressive.",Flap,Colorless,20,,,,,,One Diamond,Solgaleo
Aurorus,150,Water,Metal +20,,3,,"When gripped by rage, Aurorus will emanate freezing air, covering everything around it in ice.",Hail Prison,"Water,Water,Colorless",90,Discard Water2 {W} Energy from this Pokémon. Your opponent's Active Pokémon is now Paralyzed.,,,,,Three Diamond,Gardevoir
Piers,,,,,,,,,,,,,,,,Two Diamond,Gardevoir
Joltik,40,Lightning,Fighting +20,,1,,Joltik can be found clinging to other Pokémon. It's soaking up static electricity because it can't produce a charge on its own.,Bug Bite,Lightning,30,,,,,,One Diamond,Mew
Kabuto,90,Fighting,Grass +20,,1,,"This species is almost entirely extinct. Kabuto molt every three days, making their shells harder and harder.",Shell Attack,Fighting,40,,,,,,Two Diamond,Charizard
Beastite,,,,,,,,,,,,,,,,Two Diamond,Extradimensional
Squirtle,60,Water,Lightning +20,,1,,"When it retracts its long neck into its shell, it squirts out water with vigorous force.",Water Gun,Water,20,,,,,,One Diamond,Pikachu
Fomantis,60,Grass,Fire +20,,1,,Fomantis hates having its naps interrupted. It fires off beams using energy it gathers by bathing in the sun.,Leafage,Grass,20,,,,,,One Diamond,Solgaleo
Froakie,60,Water,Lightning +20,,1,,It secretes flexible bubbles from its chest and back. The bubbles reduce the damage it would otherwise take when attacked.,Flop,Colorless,10,,,,,,One Diamond,Charizard
Silver,,,,,,,,,,,,,,,,Two Diamond,Ho-Oh
Mienfoo,60,Fighting,Psychic +20,,1,,"In one minute, a well-trained Mienfoo can chop with its arms more than 100 times.",Pound,Colorless,20,,,,,,One Diamond,Pikachu
Swinub,60,Water,Metal +20,,2,,It rubs its snout on the ground to find and dig up food. It sometimes discovers hot springs.,Headbutt,"Water,Colorless",40,,,,,,One Diamond,Dialga
Dragalge,110,Darkness,Fighting +20,,1,,"Using a liquid poison, Dragalge indiscriminately attacks anything that wanders into its territory. This poison can corrode the undersides of boats.",Sludge Bomb,"Darkness,Colorless,Colorless",70,,,,,,One Diamond,Secluded
Shuppet,60,Psychic,Darkness +20,,1,,It loves to feed on feelings like envy and malice. Its upright horn catches the emotions of people.,Will-O-Wisp,Psychic,20,,,,,,One Diamond,Solgaleo
Gourgeist,110,Psychic,Darkness +20,,2,,"In the darkness of a new-moon night, Gourgeist will come knocking. Whoever answers the door will be swept off to the afterlife.",Soul Shot,Psychic,70,"Discard a card from your hand. If you can't, this attack does nothing.",,,,,Three Diamond,Gardevoir
Arcanine,130,Fire,Water +20,,2,,An ancient picture scroll shows that people were captivated by its movement as it ran through prairies.,Heat Tackle,"Fire,Fire,Colorless",100,This Pokémon also does 20 damage to itself.,,,,,Three Diamond,Pikachu
Training Area,,,,,,,,,,,,,,,,Two Diamond,Gardevoir
Bunnelby,60,Colorless,Fighting +20,,1,,It's very sensitive to danger. The sound of Corviknight's flapping will have Bunnelby digging a hole to hide underground in moments.,Gnaw,Colorless,20,,,,,,One Diamond,Gardevoir
Tsareena,130,Grass,Fire +20,,2,,"This Pokémon is proud and aggressive. However, it is said that a Tsareena will instantly become calm if someone touches the crown on its calyx.",Three Kick Combo,Grass,50x,Flip 3 coins. This attack does 50 damage for each heads.,,,,,Three Diamond,Solgaleo
Snorlax,150,Colorless,Fighting +20,,4,,"It is not satisfied unless it eats over 880 pounds of food every day. When it is done eating, it goes promptly to sleep.",Rollout,"Colorless,Colorless,Colorless,Colorless",70,,,,,,Three Diamond,Pikachu
Ralts,60,Psychic,Darkness +20,,1,,The horns on its head provide a strong power that enables it to sense people's emotions.,Ram,Colorless,10,,,,,,One Diamond,Mewtwo
Zangoose,80,Colorless,Fighting +20,,1,,"It's Seviper's archrival. To threaten those it encounters, it fans out the claws on its front paws.",Slash,"Colorless,Colorless",50,,,,,,Two Diamond,Secluded
Frosmoth,90,Water,Metal +20,,1,,"Frosmoth senses air currents with its antennae. It sends its scales drifting on frigid air, making them fall like snow.",Powder Snow,"Water,Colorless",40,Your opponent's Active Pokémon is now Asleep.,,,,,Two Diamond,Charizard
Finneon,60,Water,Lightning +20,,1,,The line running down its side can store sunlight. It shines vividly at night.,Water Gun,Water,20,,,,,,One Diamond,Mew
Pawmo,90,Lightning,Fighting +20,,1,,"When its group is attacked, Pawmo is the first to leap into battle, defeating enemies with a fighting technique that utilizes electric shocks.",Punch,"Lightning,Lightning",40,,,,,,Two Diamond,Shining
Kartana,60,Grass,Fire +20,,1,,"This Ultra Beast's body, which is as thin as paper, is like a sharpened sword.",Thrash Metal,Grass,40,,,,,,One Diamond,Extradimensional
Cosmog,60,Psychic,Darkness +20,,1,,"Even though its helpless, gaseous body can be blown away by the slightest breeze, it doesn't seem to care.",Teleport,Colorless,,Switch this Pokémon with 1 of your Benched Pokémon.,,,,,One Diamond,Solgaleo
Primarina,140,Water,Lightning +20,,2,,"To Primarina, every battle is a stage. It takes down its prey with beautiful singing and dancing.",Surf,"Water,Colorless",60,,,,,,Three Diamond,Lunala
Combee,50,Grass,Fire +20,,1,,"At night, Combee sleep in a group of about a hundred, packed closely together in a lump.",Call for Family,Colorless,,Put 1 random Basic Pokémon from your deck onto your Bench.,,,,,One Diamond,Dialga
Cherubi,50,Grass,Fire +20,,1,,"It nimbly dashes about to avoid getting pecked by bird Pokémon that would love to make off with its small, nutrient-rich storage ball.",Leafage,Grass,20,,,,,,One Diamond,Arceus
Quagsire,130,Water,Lightning +20,,3,,It has an easygoing nature. It doesn't care if it bumps its head on boats and boulders while swimming.,Surf,"Water,Water,Colorless",80,,,,,,Two Diamond,Lugia
Tyrogue,30,Fighting,Colorless +20,,0,,"It is always bursting with energy. To make itself stronger, it keeps on fighting even if it loses.",Slappy Knuckle,,20,,,,,,Three Diamond,Ho-Oh
Mr. Mime,80,Psychic,Darkness +20,,1,,The broadness of its hands may be no coincidence—many scientists believe its palms became enlarged specifically for pantomiming.,Barrier Attack,"Psychic,Colorless",30,"During your opponent's next turn, this Pokémon takes -20 damage from attacks.",,,,,Two Diamond,Mewtwo
Mareanie,70,Darkness,Fighting +20,,2,,This Pokémon wanders the seaside looking for food. It often gets electric shocks from broken Pincurchin spines that it tries to eat.,Pierce,Darkness,20,,,,,,One Diamond,Lunala
Bewear,130,Colorless,Fighting +20,,3,,"Once it accepts you as a friend, it tries to show its affection with a hug. Letting it do that is dangerous—it could easily shatter your bones.",Tantrum,"Colorless,Colorless,Colorless,Colorless",130,This Pokémon is now Confused.,,,,,Three Diamond,Lunala
Jumpluff,120,Grass,Fire +20,,1,,"Jumpluff travels on seasonal winds. Once its cotton spores run out, its journey ends, as does its life.",Spinning Attack,Grass,60,,,,,,Three Diamond,Ho-Oh
Doduo,60,Colorless,Lightning +20,,1,,A two-headed Pokémon that was discovered as a sudden mutation. It runs at a pace of over 60 miles per hour.,Peck,Colorless,20,,,,,,One Diamond,Charizard
Kangaskhan,100,Colorless,Fighting +20,,3,,"Although it's carrying its baby in a pouch on its belly, Kangaskhan is swift on its feet. It intimidates its opponents with quick jabs.",Dizzy Punch,Colorless,30×,Flip 2 coins. This attack does 30 damage for each heads.,,,,,Three Diamond,Charizard
Clefable,100,Psychic,Metal +20,,1,,"A timid fairy Pokémon that is rarely seen, it will run and hide the moment it senses people.",Magical Shot,Psychic,40,,,,,,Two Diamond,Pikachu
Entei,110,Fire,Water +20,,2,,A Pokémon that races across the land. It is said that one is born every time a new volcano appears.,Strong Flare,"Fire,Colorless,Colorless,Colorless",110,"Flip a coin. If tails, discard 2 random Energy from this Pokémon.",,,,,Three Diamond,Ho-Oh
Heatran,120,Metal,Fire +20,,3,,It dwells in volcanic caves. It digs in with its cross-shaped feet to crawl on ceilings and walls.,Steel Tackle,"Metal,Metal,Metal",110,This Pokémon also does 20 damage to itself.,,,,,Three Diamond,Dialga
Raticate,80,Colorless,Fighting +20,,1,,People say that it fled from its enemies by using its small webbed hind feet to swim from island to island in Alola.,Bite,Colorless,40,,,,,,One Diamond,Charizard
Hau,,,,,,,,,,,,,,,,Two Diamond,Eevee
Venusaur,160,Grass,Fire +20,,3,,Its plant blooms when it is absorbing solar energy. It stays on the move to seek sunlight.,Mega Drain,"Grass,Grass,Colorless,Colorless",80,Heal 30 damage from this Pokémon.,,,,,Three Diamond,Mewtwo
Cottonee,50,Grass,Fire +20,,1,,"It shoots cotton from its body to protect itself. If it gets caught up in hurricane-strength winds, it can get sent to the other side of the Earth.",Attach,Colorless,10,,,,,,One Diamond,Charizard
Salamence,150,Dragon,Colorless +20,,2,,It becomes uncontrollable if it is enraged. It destroys everything with shredding claws and fire.,Dragon Dive,"Fire,Water,Colorless",150,"Flip a coin. If tails, this Pokémon also does 50 damage to itself.",,,,,Three Diamond,Gardevoir
Morelull,60,Grass,Fire +20,,1,,Pokémon living in the forest eat the delicious caps on Morelull's head. The caps regrow overnight.,Ram,Grass,20,,,,,,One Diamond,Mew
Roserade,100,Grass,Fire +20,,2,,"After captivating opponents with its sweet scent, it lashes them with its thorny whips.",Poisonous Whip,"Grass,Colorless",50,Your opponent's Active Pokémon is now Poisoned.,,,,,Two Diamond,Dialga
Magcargo,120,Fire,Water +20,,3,,Its brittle shell occasionally spouts intense flames that circulate throughout its body.,Searing Flame,"Fire,Colorless",30,Your opponent's Active Pokémon is now Burned.,,,,,Two Diamond,Dialga
Barraskewda,90,Water,Lightning +20,,1,,"It spins its tail fins to propel itself, surging forward at speeds of over 100 knots before ramming prey and spearing into them.",Double-Edge,"Water,Colorless",80,This Pokémon also does 20 damage to itself.,,,,,Two Diamond,Mega Gyarados
Ferroseed,60,Metal,Fire +20,,2,,It absorbs the iron it finds in the rock while clinging to the ceiling. It shoots spikes when in danger.,Spike Sting,"Metal,Colorless",40,,,,,,One Diamond,Extradimensional
Sandshrew,70,Fighting,Grass +20,,1,,"It loves to bathe in the grit of dry, sandy areas. By sand bathing, the Pokémon rids itself of dirt and moisture clinging to its body.",Scratch,Fighting,10,,,,,,One Diamond,Charizard
Slaking,160,Colorless,Fighting +20,,4,,This Pokémon lives lying on its side. It only rolls over and moves when there is no more grass to eat.,Knuckle Sandwich,"Colorless,Colorless,Colorless",150,Discard a random Energy from this Pokémon.,,,,,Three Diamond,Gardevoir
Tauros ex,140,Colorless,Fighting +20,,2,,,Wild Tackle,"Colorless,Colorless",90,"Flip a coin. If tails, this Pokémon also does 30 damage to itself.",,,,,Four Diamond,Mega Altaria
Espeon ex,140,Psychic,Darkness +20,,1,,,Super Psy Bolt,"Psychic,Psychic",80,,,,,,Four Diamond,Lugia
Pawniard,50,Metal,Fire +20,,1,,"Pawniard will fearlessly challenge even powerful foes. In a pinch, it will cling to opponents and pierce them with the blades all over its body.",Pierce,Metal,30,,,,,,One Diamond,Charizard
Mawile,70,Metal,Fire +20,,1,,"It uses its docile-looking face to lull foes into complacency, then bites with its huge, relentless jaws.",Crunch,Metal,20,"Flip a coin. If heads, discard a random Energy from your opponent's Active Pokémon.",,,,,One Diamond,Charizard
Shellder,60,Water,Lightning +20,,1,,"It is encased in a shell that is harder than diamond. Inside, however, it is surprisingly tender.",Tongue Slap,Water,20,,,,,,One Diamond,Mewtwo
Leaf,,,,,,,,,,,,,,,,Two Diamond,Mew
Aggron,160,Metal,Fire +20,,4,,Aggron has a horn sharp enough to perforate thick iron sheets. It brings down its opponents by ramming into them horn first.,Giga Impact,"Metal,Metal,Colorless,Colorless",150,"During your next turn, this Pokémon can't attack.",,,,,Two Diamond,Extradimensional
Dedenne,60,Lightning,Fighting +20,,1,,"It's small and its electricity-generating organ is not fully developed, so it uses its tail to absorb electricity from people's homes and charge itself.",Thunder Shock,Lightning,10,"Flip a coin. If heads, your opponent's Active Pokémon is now Paralyzed.",,,,,One Diamond,Mew
Crustle,140,Fighting,Grass +20,,4,,This highly territorial Pokémon prefers dry climates. It won't come out of its boulder on rainy days.,Stone Edge,"Fighting,Fighting,Fighting,Colorless",100,"Flip a coin. If heads, this attack does 50 more damage.",,,,,Two Diamond,Secluded
Ferrothorn,110,Metal,Fire +20,,3,,"This Pokémon scrapes its spikes across rocks, and then uses the tips of its feelers to absorb the nutrients it finds within the stone.",Spinning Attack,"Metal,Metal,Colorless",70,,,,,,Two Diamond,Extradimensional
Barboach,60,Water,Lightning +20,,1,,"Its two whiskers provide a sensitive radar. Even in muddy waters, it can detect its prey's location.",Mud-Slap,"Water,Colorless",30,,,,,,One Diamond,Arceus
Hariyama,120,Fighting,Psychic +20,,3,,It loves challenging others to tests of strength. It has the power to stop a train with a slap.,Push Out,"Fighting,Colorless",50,Switch out your opponent's Active Pokémon to the Bench. (Your opponent chooses the new Active Pokémo,,,,,Two Diamond,Solgaleo
Mars,,,,,,,,,,,,,,,,Two Diamond,Palkia
Moltres ex,140,Fire,Lightning +20,,2,,,Inferno Dance,Fire,,Flip 3 coins. Take an amount of {R} Energy from your Energy Zone equal to the number of heads and at,Heat Blast,"Fire,Colorless,Colorless",70,,Four Diamond,Charizard
Sharpedo,90,Water,Lightning +20,,1,,"As soon as it catches the scent of prey, Sharpedo will jet seawater from its backside, hurtling toward the target to attack at 75 mph.",Crunch,"Water,Colorless",50,"Flip a coin. If heads, discard a random Energy from your opponent's Active Pokémon.",,,,,Two Diamond,Extradimensional
Trumbeak,80,Colorless,Lightning +20,,1,,It can bend the tip of its beak to produce over a hundred different cries at will.,Glide,Colorless,30,,,,,,One Diamond,Solgaleo
Graveler,100,Fighting,Grass +20,,3,,"It climbs up cliffs as it heads toward the peak of a mountain. As soon as it reaches the summit, it rolls back down the way it came.",Rollout,"Fighting,Colorless,Colorless",70,,,,,,Two Diamond,Pikachu
Misty,,,,,,,,,,,,,,,,Two Diamond,Pikachu
Regirock,120,Fighting,Grass +20,,3,,"Every bit of Regirock's body is made of stone. As parts of its body erode, this Pokémon sticks rocks to itself to repair what's been lost.",Boulder Crush,"Fighting,Fighting,Fighting,Colorless",100,,,,,,Two Diamond,Dialga
Onix,110,Fighting,Grass +20,,4,,"As it digs through the ground, it absorbs many hard objects. This is what makes its body so solid.",Land Crush,"Fighting,Fighting,Fighting",70,,,,,,Two Diamond,Pikachu
Archen,90,Fighting,Lightning +20,,1,,"Archen is said to be the ancestor of bird Pokémon. It lived in treetops, eating berries and bug Pokémon.",Rock Throw,Fighting,40,,,,,,Two Diamond,Mega Blaziken
Piloswine,110,Water,Metal +20,,3,,"If it charges at an enemy, the hairs on its back stand up straight. It is very sensitive to sound.",Hammer In,"Water,Water,Colorless",60,,,,,,Two Diamond,Dialga
Celesteela,120,Colorless,Lightning +20,,4,,"One of the dangerous UBs, high energy readings can be detected coming from both of its huge arms.",Moombahton,"Colorless,Colorless,Colorless",100,"Flip a coin. If tails, this attack does nothing.",,,,,Three Diamond,Extradimensional
Galvantula,80,Lightning,Fighting +20,,1,,It launches electrified fur from its abdomen as its means of attack. Opponents hit by the fur could be in for three full days and nights of paralysis.,Electroweb,"Lightning,Lightning",70,"During your opponent's next turn, the Defending Pokémon can't retreat.",,,,,Two Diamond,Mew
Phantump,60,Grass,Fire +20,,1,,"After a lost child perished in the forest, their spirit possessed a tree stump, causing the spirit's rebirth as this Pokémon.",Hook,Grass,20,,,,,,One Diamond,Solgaleo
Carnivine,90,Grass,Fire +20,,1,,"It attracts prey with its sweet-smelling saliva, then chomps down. It takes a whole day to eat prey.",Flog,"Grass,Grass,Colorless",40+,"Flip a coin. If heads, this attack does 50 more damage.",,,,,Two Diamond,Palkia
Coalossal,150,Fighting,Grass +20,,4,,"It's gentle usually but fearsome when angered. With a body that burns at over 2,700 degrees Fahrenheit, it crushes foes and turns them to ash.",Coal Drop,"Fighting,Fighting,Fighting",100,"If your opponent's Active Pokémon is a {G} Pokémon, this attack does 50 more damage.",,,,,Three Diamond,Mega Gyarados
Floette,70,Psychic,Metal +20,,1,,This Pokémon draws forth what power is left in withered flowers to make them healthy again. It holds a red flower.,Leaf Drain,Psychic,40,Heal 10 damage from this Pokémon.,,,,,One Diamond,Mew
Dunsparce,50,Colorless,Fighting +20,,1,,"It creates mazes in dark locations. When spotted, it flees into the ground by digging with its tail.",Sudden Flash,Colorless,20,"Flip a coin. If heads, your opponent's Active Pokémon is now Paralyzed.",,,,,One Diamond,Lugia
Tyrunt,90,Fighting,Grass +20,,2,,This Pokémon is selfish and likes to be pampered. It can also inflict grievous wounds on its Trainer just by playing around.,Hammer In,"Fighting,Fighting",60,,,,,,Two Diamond,Gardevoir
Pawmi,60,Lightning,Fighting +20,,1,,It has underdeveloped electric sacs on its cheeks. These sacs can produce electricity only if Pawmi rubs them furiously with the pads on its forepaws.,Punch,Lightning,20,,,,,,One Diamond,Shining
Mankey,60,Fighting,Psychic +20,,1,,"It lives in groups in the treetops. If it loses sight of its group, it becomes infuriated by its loneliness.",Low Kick,Fighting,20,,,,,,One Diamond,Charizard
Maractus,90,Grass,Fire +20,,1,,"With noises that could be mistaken for the rattles of maracas, it creates an upbeat rhythm, startling bird Pokémon and making them fly off in a hurry.",Sting,"Grass,Colorless",40,,,,,,One Diamond,Lunala
Giovanni,,,,,,,,,,,,,,,,Two Diamond,Mewtwo
Tinkatuff,90,Metal,Fire +20,,2,,"This Pokémon will attack groups of Pawniard and Bisharp, gathering metal from them in order to create a large and sturdy hammer.",Tenacious Hammer,"Metal,Metal",30+,"Flip a coin. If heads, this attack does 30 more damage.",,,,,Two Diamond,Shining
Centiskorch,130,Fire,Water +20,,3,,"When it heats up, its body temperature reaches about 1,500 degrees Fahrenheit. It lashes its body like a whip and launches itself at enemies.",Fire Blast,"Fire,Colorless,Colorless,Colorless",130,Discard a {R} Energy from this Pokémon.,,,,,Two Diamond,Charizard
Sentret,60,Colorless,Fighting +20,,1,,"When acting as a lookout, it warns others of danger by screeching and hitting the ground with its tail.",Scratch,Colorless,20,,,,,,One Diamond,Ho-Oh
Litleo,60,Fire,Water +20,,1,,"The more a Litleo trains its body and spirit by battling mighty enemies, the hotter its mane will grow.",Live Coal,Fire,20,,,,,,One Diamond,Mega Blaziken
Banette,90,Psychic,Darkness +20,,1,,This Pokémon developed from an abandoned doll that amassed a grudge. It is seen in dark alleys.,Night Bind,Psychic,30,"During your opponent's next turn, they can't take any Energy from their Energy Zone to attach to the",,,,,One Diamond,Solgaleo
Avalugg,140,Water,Metal +20,,4,,"This Pokémon uses its massive icy body to flatten anything that gets in its way. When it's floating out on the ocean, it looks exactly like drift ice.",Frost Barrier,"Water,Water,Colorless",70,"During your opponent's next turn, this Pokémon takes −20 damage from attacks.",,,,,Two Diamond,Mega Gyarados
Iono,,,,,,,,,,,,,,,,Two Diamond,Shining
Abra,60,Psychic,Darkness +20,,1,,This Pokémon uses its psychic powers while it sleeps. The contents of Abra's dreams affect the powers that the Pokémon wields.,Teleport,Colorless,,Switch this Pokémon with 1 of your Benched Pokémon.,,,,,One Diamond,Charizard
Empoleon,150,Water,Lightning +20,,2,,It swims as fast as a jet boat. The edges of its wings are sharp and can slice apart drifting ice.,Aqua Jet,"Water,Water,Colorless",80,This attack also does 30 damage to 1 of your opponent's Benched Pokémon.,,,,,Three Diamond,Palkia
Thwackey,90,Grass,Fire +20,,2,,"When it's drumming out rapid beats in battle, it gets so caught up in the rhythm that it won't even notice that it's already knocked out its opponent.",Hammer In,"Grass,Grass",50,,,,,,Two Diamond,Mega Altaria
Toxicroak,90,Darkness,Fighting +20,,2,,"Swaying and dodging the attacks of its foes, it weaves its flexible body in close, then lunges out with its poisonous claws.",Group Beatdown,"Darkness,Darkness",40×,Flip a coin for each Pokémon you have in play. This attack does 40 damage for each heads.,,,,,Two Diamond,Dialga
Sizzlipede,60,Fire,Water +20,,1,,It stores flammable gas in its body and uses it to generate heat. The yellow sections on its belly get particularly hot.,Gnaw,Colorless,10,,,,,,One Diamond,Charizard
Tentacool,60,Water,Lightning +20,,1,,Tentacool is not a particularly strong swimmer. It drifts across the surface of shallow seas as it searches for prey.,Gentle Slap,Water,20,,,,,,One Diamond,Mewtwo
Brockoloss,,,,,,,,,,,,,,,,,
Kogas Falle,,,,,,,,,,,,,,,,,
Bruno,,,,,,,,,,,,,,,,,
Misty & Lorelei,,,,,,,,,,,,,,,,,
Bills Wartung,,,,,,,,,,,,,,,,,
Smart-Rotom,,,,,,,,,,,,,,,,,
Pyro,,,,,,,"Während dieses Zuges fügen die Attacken deines Vulnona, Gallopa oder Magmar dem Aktiven Pokémon deines Gegners + 30 Schadenspunkte zu.",,,,,,,,,deux Diamant,Unschlagbare Gene
Koga,,,,,,,Nimm dein Sleimok oder Smogmog in der Aktiven Position auf deine Hand.,,,,,,,,,deux Diamant,Unschlagbare Gene
Rocko,,,,,,,"Lege 1 {F}-Energie aus deinem Energiebereich an [Text:AdditionalName v=""ADDITIONAL_NAME_Alora"" type=""region"" ]Geowaz oder Onix an.",,,,,,,,,deux Diamant,Unschlagbare Gene
Major Bob,,,,,,,"Verschiebe alle {L}-Energien von Pokémon auf deiner Bank auf dein Raichu, Lektrobal oder Elektek in der Aktiven Position.",,,,,,,,,deux Diamant,Unschlagbare Gene
Bulbasaur,70,Grass,Fire +20,,1,,There is a plant seed on its back right from the day this Pokémon is born. The seed slowly grows larger.,Vine Whip,"Grass,Colorless",40,,,,,,One Diamond,Mewtwo
Pokémon Flute,,,,,,,,,,,,,,,,Two Diamond,Mew
Marowak ex,140,Fighting,Grass +20,,1,,,Bonemerang,"Fighting,Fighting",80×,Flip 2 coins. This attack does 80 damage for each heads.,,,,,Four Diamond,Mewtwo
Hiker,,,,,,,,,,,,,,,,Two Diamond,Ho-Oh
Elekid,30,Lightning,Colorless +20,,0,,"When a storm approaches, this Pokémon gets
restless. Once Elekid hears the sound of thunder,
it gets full-on rowdy.",Zappy Shot,,,This attack does 20 damage to 1 of your opponent's Benched Pokémon.,,,,,Three Diamond,Lugia
Rapidash ex,150,Fire,Water +20,,2,,,Sprinting Flare,"Fire,Fire,Fire",110,This attack also does 20 damage to 1 of your opponent's Benched Pokémon.,,,,,Four Diamond,Mega Blaziken
Komala,90,Colorless,Fighting +20,,2,,Komala spends its entire life sleeping. It feeds on leaves that contain a potent poison only Komala can break down.,Rolling Tackle,"Colorless,Colorless",70,,,,,,Two Diamond,Solgaleo
Dawn,,,,,,,,,,,,,,,,Two Diamond,Dialga
Karrablast,60,Grass,Fire +20,,1,,Its strange physiology reacts to electrical energy in interesting ways. The presence of a Shelmet will cause this Pokémon to evolve.,Headbutt,Colorless,10,,,,,,One Diamond,Solgaleo
Aron,70,Metal,Fire +20,,2,,"It eats iron ore—and sometimes railroad tracks—
to build up the steel armor that protects its body.",Headbutt,"Metal,Colorless",40,,,,,,One Diamond,Extradimensional
Guzma,,,,,,,,,,,,,,,,Two Diamond,Lunala
Poliwag,60,Water,Lightning +20,,1,,"For Poliwag, swimming is easier than walking. The swirl pattern on its belly is actually part of the Pokémon's innards showing through the skin.",Razor Fin,Colorless,10,,,,,,One Diamond,Charizard
Ninetales,90,Fire,Water +20,,1,,"It is said to live 1,000 years, and each of its tails is loaded with supernatural powers.",Flamethrower,"Fire,Fire",90,Discard 1 {R} Energy from this Pokémon.,,,,,Two Diamond,Charizard
Piplup,60,Water,Lightning +20,,1,,It doesn't like to be taken care of. It's difficult to bond with since it won't listen to its Trainer.,Nap,Colorless,,Heal 20 damage from this Pokémon.,,,,,One Diamond,Palkia
Blaziken,140,Fire,Water +20,,1,,"When facing a tough foe, it looses flames from
its wrists. Its powerful legs let it jump clear
over buildings.",Blaze Kick,"Fire,Fire",100,Discard a {R} Energy from this Pokémon.,,,,,Three Diamond,Mega Blaziken
Raikou ex,130,Lightning,Fighting +20,,2,,,Voltaic Bullet,"Lightning,Lightning",60,This attack also does 10 damage to 1 of your opponent's Benched Pokémon.,,,,,Four Diamond,Secluded
Kricketune,90,Grass,Fire +20,,1,,"By allowing its cry to resonate in the hollow of its belly, it produces a captivating sound.",Entrancing Melody,"Grass,Colorless",50,Your opponent's Active Pokémon is now Confused.,,,,,One Diamond,Palkia
Galarian Perrserker,100,Metal,Fire +20,,2,,"After many battles, it evolved dangerous
claws that come together to form daggers
when extended.",Metal Claw,"Metal,Metal",70,,,,,,Three Diamond,Gardevoir
Koffing,70,Darkness,Fighting +20,,1,,"Its body is full of poisonous gas. It floats into garbage dumps, seeking out the fumes of raw, rotting trash.",Suffocating Gas,Darkness,20,,,,,,One Diamond,Mewtwo
Necrozma,120,Psychic,Darkness +20,,2,,"It looks somehow pained as it rages around in search of light, which serves as its energy. It's apparently from another world.",Prismatic Laser,"Psychic,Psychic,Colorless,Colorless",120,"During your next turn, this Pokémon can't attack.",,,,,Three Diamond,Lunala
Crabrawler,70,Fighting,Psychic +20,,2,,"This Pokémon punches trees and eats the berries that drop down, training itself and getting food at the same time.",Punch,Colorless,20,,,,,,One Diamond,Solgaleo
Torracat,80,Fire,Water +20,,1,,"Torracat will let its Trainer coddle it once they've grown close, but it's a powerful, sharp-clawed Pokémon, so its Trainer gets covered in scratches.",Heat Tackle,Fire,40,This Pokémon also does 10 damage to itself.,,,,,Two Diamond,Solgaleo
Dondozo,120,Water,Lightning +20,,3,,"This Pokémon is a glutton, but it's bad at getting food. It teams up with a Tatsugiri to catch prey.",Ocean Cyclone,"Water,Water,Colorless,Colorless",80,This attack also does 10 damage to each of your opponent's Benched Pokémon.,,,,,Three Diamond,Shining
Rockruff,60,Fighting,Grass +20,,1,,"This Pokémon is very friendly when it's young. Its disposition becomes vicious once it matures, but it never forgets the kindness of its master.",Signs of Evolution,Fighting,,Put a random card that evolves from Rockruff from your deck into your hand.,,,,,One Diamond,Lunala
Blue,,,,,,,,,,,,,,,,Two Diamond,Mew
Weepinbell,90,Grass,Fire +20,,2,,The leafy parts act as cutters for slashing foes. It spits a fluid that dissolves everything.,Razor Leaf,"Grass,Colorless",40,,,,,,Two Diamond,Charizard
Charmeleon,90,Fire,Water +20,,2,,"It has a barbaric nature. In battle, it whips its fiery tail around and slashes away with sharp claws.",Fire Claws,"Fire,Colorless,Colorless",60,,,,,,Two Diamond,Charizard
Fletchinder,80,Fire,Lightning +20,,1,,Fletchinder scatters embers in tall grass where bug Pokémon might be hiding and then catches them as they come leaping out.,Steady Firebreathing,Fire,30,,,,,,One Diamond,Solgaleo
Steenee,80,Grass,Fire +20,,1,,Steenee spreads a sweet scent that makes others feel invigorated. This same scent is popular for antiperspirants.,Double Spin,Grass,30x,Flip 2 coins. This attack does 30 damage for each heads.,,,,,Two Diamond,Solgaleo
Xatu,80,Psychic,Darkness +20,,1,,"They say that it stays still and quiet because it is
seeing both the past and future at the same time.",Life Drain,"Psychic,Psychic",,"Flip a coin. If heads, your opponent's Active Pokémon's remaining HP is now 10.",,,,,Three Diamond,Lugia
Sandslash,100,Fighting,Grass +20,,2,,"The drier the area Sandslash lives in, the harder and smoother the Pokémon's spikes will feel when touched.",Slash,"Fighting,Fighting",70,,,,,,Two Diamond,Charizard
Repel,,,,,,,,,,,,,,,,Two Diamond,Extradimensional
Psyduck,60,Water,Lightning +20,,1,,"It is constantly wracked by a headache. When the headache turns intense, it begins using mysterious powers.",Headache,Colorless,10,Your opponent can't use any Supporter cards from their hand during their next turn.,,,,,One Diamond,Charizard
Feraligatr,150,Water,Lightning +20,,3,,"It usually moves slowly, but it goes at blinding
speed when it attacks and bites prey.",Destructive Whirlpool,"Water,Water,Colorless",90,Discard a random Energy from your opponent's Active Pokémon.,,,,,Three Diamond,Ho-Oh
Luxray,130,Lightning,Fighting +20,,0,,It can see clearly through walls to track down its prey and seek its lost young.,Volt Bolt,"Lightning,Lightning,Lightning",,Discard all {L} Energy from this Pokémon. This attack does 120 damage to 1 of your opponent's Pokémo,,,,,Three Diamond,Dialga
Wishiwashi,30,Water,Lightning +20,,1,,"Individually, they're incredibly weak. It's by gathering up into schools that they're able to confront opponents.",Call for Family,Water,,Put 1 random Wishiwashi or Wishiwashi ex from your deck onto your Bench.,,,,,One Diamond,Lunala
Kakuna,80,Grass,Fire +20,,2,,"Almost incapable of moving, this Pokémon can only harden its shell to protect itself when it is in danger.",Bug Bite,Grass,30,,,,,,One Diamond,Mewtwo
Flareon,120,Fire,Water +20,,2,,"Inhaled air is carried to its flame sac, heated, and exhaled as fire that reaches over 3,000 degrees Fahrenheit.",Flamethrower,"Fire,Colorless,Colorless",110,Discard 1 {R} Energy from this Pokémon.,,,,,Three Diamond,Charizard
Dugtrio,70,Fighting,Grass +20,,1,,"Its three heads bob separately up and down to loosen the soil nearby, making it easier for it to burrow.",Dig,Fighting,40,"Flip a coin. If heads, during your opponent’s next turn, prevent all damage from—and effects of—atta",,,,,Two Diamond,Pikachu
Elgyem,60,Psychic,Darkness +20,,1,,"If this Pokémon stands near a TV, strange scenery will appear on the screen. That scenery is said to be from its home.",Headbutt,Psychic,20,,,,,,One Diamond,Mew
Golett,90,Psychic,Darkness +20,,3,,"They were sculpted from clay in ancient times. No one knows why, but some of them are driven to continually line up boulders.",Mega Punch,"Psychic,Colorless,Colorless",50,,,,,,One Diamond,Charizard
Machop,70,Fighting,Psychic +20,,2,,"Its whole body is composed of muscles. Even though it's the size of a human child, it can hurl 100 grown-ups.",Knuckle Punch,Fighting,20,,,,,,One Diamond,Charizard
Magnezone,140,Lightning,Fighting +20,,2,,"As it zooms through the sky, this Pokémon seems to be receiving signals of unknown origin while transmitting signals of unknown purpose.",Thunder Blast,"Lightning,Colorless,Colorless",110,Discard a {L} Energy from this Pokémon.,,,,,Three Diamond,Dialga
Seaking,100,Water,Lightning +20,,1,,"In autumn, its body becomes more fatty in preparing to propose to a mate. It takes on beautiful colors.",Horn Hazard,Water,80,"Flip a coin. If tails, this attack does nothing.",,,,,One Diamond,Pikachu
Persian,90,Colorless,Fighting +20,,1,,"Although its fur has many admirers, it is tough to raise as a pet because of its fickle meanness.",Shadow Claw,"Colorless,Colorless",40,"Flip a coin. If heads, discard a random card from your opponent's hand.",,,,,Two Diamond,Charizard
Mega Venusaur ex,240,Grass,Fire +20,,4,,"In order to support its flower, which has grown
larger due to Mega Evolution, its back and legs
have become stronger.",Critical Bloom,"Grass,Grass,Colorless,Colorless",120,Your opponent's Active Pokémon is now Poisoned and Asleep.,,,,,Four Diamond,Crimson Blaze
